07thlogo,external\ryukishi\ep1\07thlogo.png
2,external\ryukishi\ep1\2.png
3,external\ryukishi\ep3\3.png
4,external\ryukishi\ep1\4.png
5,external\ryukishi\ep1\5.png
54,external\ryukishi\ep8\54.png
54_j,external\ryukishi\ep8\54_j.png
57a,external\ryukishi\ep5\57a.png
57a_j,external\ryukishi\ep5\57a_j.png
57b,external\ryukishi\ep5\57b.png
57b_j,external\ryukishi\ep5\57b_j.png
58a,external\ryukishi\ep5\58a.png
58a_j,external\ryukishi\ep5\58a_j.png
58b,external\ryukishi\ep5\58b.png
58b_j,external\ryukishi\ep5\58b_j.png
aa,external\ryukishi\ep1\aa.png
aka1,external\ryukishi\ep1\aka1.png
aka2,external\ryukishi\ep3\aka2.png
aka_def,external\ryukishi\ep5\aka_def.png
aks_def,external\ryukishi\ep7\aks_def.png
aks_defb1,external\ryukishi\ep8\aks_defb1.png
aks_ikaria1,external\ryukishi\ep8\aks_ikaria1.png
aks_ikarib1,external\ryukishi\ep8\aks_ikarib1.png
aks_ikarib2,external\ryukishi\ep8\aks_ikarib2.png
aks_majimea1,external\ryukishi\ep8\aks_majimea1.png
aks_majimea2,external\ryukishi\ep8\aks_majimea2.png
aks_majimeb2,external\ryukishi\ep8\aks_majimeb2.png
aks_warai,external\ryukishi\ep7\aks_warai.png
are1,external\ryukishi\ep5\are1.png
are1_j,external\ryukishi\ep5\are1_j.png
are2,external\ryukishi\ep5\are2.png
are2_j,external\ryukishi\ep5\are2_j.png
are3,external\ryukishi\ep5\are3.png
are3_j,external\ryukishi\ep5\are3_j.png
are4,external\ryukishi\ep5\are4.png
are4_j,external\ryukishi\ep5\are4_j.png
are4_nega1,external\ryukishi\ep5\are4_nega1.png
are4_nega1_j,external\ryukishi\ep5\are4_nega1_j.png
benti1,external\ryukishi\ep8\benti1.png
benti2,external\ryukishi\ep8\benti2.png
bg0,external\ryukishi\ep3\bg0.png
bg_001,external\ryukishi\ep1\bg_001.png
bg_002,external\ryukishi\ep1\bg_002.png
bg_003,external\ryukishi\ep1\bg_003.png
bg_003_gr,external\ryukishi\ep1\bg_003_gr.png
bg_003_re,external\ryukishi\ep1\bg_003_re.png
bg_004,external\ryukishi\ep1\bg_004.png
bg_005,external\ryukishi\ep1\bg_005.png
bg_006,external\ryukishi\ep1\bg_006.png
bg_007,external\ryukishi\ep1\bg_007.png
bg_008,external\ryukishi\ep2\bg_008.png
bg_009,external\ryukishi\ep1\bg_009.png
bg_010,external\ryukishi\ep1\bg_010.png
bg_011,external\ryukishi\ep1\bg_011.png
bg_012,external\ryukishi\ep1\bg_012.png
bg_013,external\ryukishi\ep4\bg_013.png
bg_014,external\ryukishi\ep1\bg_014.png
bg_015,external\ryukishi\ep1\bg_015.png
bg_016,external\ryukishi\ep1\bg_016.png
bg_017,external\ryukishi\ep1\bg_017.png
bg_018,external\ryukishi\ep2\bg_018.png
bg_019,external\ryukishi\ep1\bg_019.png
bg_020,external\ryukishi\ep1\bg_020.png
bg_021,external\ryukishi\ep1\bg_021.png
bg_022,external\ryukishi\ep1\bg_022.png
bg_023,external\ryukishi\ep1\bg_023.png
bg_024,external\ryukishi\ep1\bg_024.png
bg_026,external\ryukishi\ep4\bg_026.png
bg_027,external\ryukishi\ep1\bg_027.png
bg_028,external\ryukishi\ep1\bg_028.png
bg_029,external\ryukishi\ep1\bg_029.png
bg_030,external\ryukishi\ep3\bg_030.png
bg_031,external\ryukishi\ep3\bg_031.png
bg_032,external\ryukishi\ep1\bg_032.png
bg_033,external\ryukishi\ep3\bg_033.png
bg_034,external\ryukishi\ep2\bg_034.png
bg_035,external\ryukishi\ep2\bg_035.png
bg_036,external\ryukishi\ep2\bg_036.png
bg_037,external\ryukishi\ep2\bg_037.png
bg_038,external\ryukishi\ep1\bg_038.png
bg_039,external\ryukishi\ep1\bg_039.png
bg_040,external\ryukishi\ep1\bg_040.png
bg_041,external\ryukishi\ep1\bg_041.png
bg_042,external\ryukishi\ep1\bg_042.png
bg_043,external\ryukishi\ep1\bg_043.png
bg_044,external\ryukishi\ep2\bg_044.png
bg_045,external\ryukishi\ep1\bg_045.png
bg_046,external\ryukishi\ep3\bg_046.png
bg_047,external\ryukishi\ep1\bg_047.png
bg_048,external\ryukishi\ep1\bg_048.png
bg_049,external\ryukishi\ep1\bg_049.png
bg_050,external\ryukishi\ep1\bg_050.png
bg_051,external\ryukishi\ep1\bg_051.png
bg_052,external\ryukishi\ep3\bg_052.png
bg_053,external\ryukishi\ep4\bg_053.png
bg_054,external\ryukishi\ep4\bg_054.png
bg_055,external\ryukishi\ep4\bg_055.png
bg_056,external\ryukishi\ep4\bg_056.png
bg_057,external\ryukishi\ep3\bg_057.png
bg_058,external\ryukishi\ep3\bg_058.png
bg_059,external\ryukishi\ep3\bg_059.png
bg_061,external\ryukishi\ep3\bg_061.png
bg_062,external\ryukishi\ep2\bg_062.png
bg_063,external\ryukishi\ep2\bg_063.png
bg_066,external\ryukishi\ep1\bg_066.png
bg_067,external\ryukishi\ep1\bg_067.png
bg_068,external\ryukishi\ep3\bg_068.png
bg_069,external\ryukishi\ep3\bg_069.png
bg_070,external\ryukishi\ep3\bg_070.png
bg_071,external\ryukishi\ep2\bg_071.png
bg_072,external\ryukishi\ep4\bg_072.png
bg_074,external\ryukishi\ep1\bg_074.png
bg_075,external\ryukishi\ep1\bg_075.png
bg_076,external\ryukishi\ep2\bg_076.png
bg_077,external\ryukishi\ep1\bg_077.png
bg_078,external\ryukishi\ep2\bg_078.png
bg_079,external\ryukishi\ep3\bg_079.png
bg_080,external\ryukishi\ep1\bg_080.png
bg_081,external\ryukishi\ep1\bg_081.png
bg_082,external\ryukishi\ep1\bg_082.png
bg_083,external\ryukishi\ep3\bg_083.png
bg_084,external\ryukishi\ep3\bg_084.png
bg_085,external\ryukishi\ep1\bg_085.png
bg_086,external\ryukishi\ep3\bg_086.png
bg_087,external\ryukishi\ep3\bg_087.png
bg_088,external\ryukishi\ep4\bg_088.png
bg_089,external\ryukishi\ep4\bg_089.png
bg_089_mo,external\ryukishi\ep4\bg_089_mo.png
bg_091,external\ryukishi\ep4\bg_091.png
bg_092,external\ryukishi\ep1\bg_092.png
bg_093,external\ryukishi\ep1\bg_093.png
bg_094,external\ryukishi\ep1\bg_094.png
bg_095,external\ryukishi\ep1\bg_095.png
bg_096,external\ryukishi\ep4\bg_096.png
bg_097,external\ryukishi\ep4\bg_097.png
bg_098,external\ryukishi\ep4\bg_098.png
bg_099,external\ryukishi\ep4\bg_099.png
bg_100,external\ryukishi\ep1\bg_100.png
bg_101,external\ryukishi\ep2\bg_101.png
bg_102,external\ryukishi\ep2\bg_102.png
bg_103,external\ryukishi\ep2\bg_103.png
bg_104,external\ryukishi\ep2\bg_104.png
bg_105,external\ryukishi\ep4\bg_105.png
bg_106,external\ryukishi\ep4\bg_106.png
bg_107,external\ryukishi\ep4\bg_107.png
bg_108,external\ryukishi\ep1\bg_108.png
bg_109,external\ryukishi\ep1\bg_109.png
bg_110,external\ryukishi\ep1\bg_110.png
bg_111,external\ryukishi\ep1\bg_111.png
bg_112,external\ryukishi\ep1\bg_112.png
bg_113,external\ryukishi\ep1\bg_113.png
bg_115,external\ryukishi\ep3\bg_115.png
bg_116,external\ryukishi\ep3\bg_116.png
bg_117,external\ryukishi\ep1\bg_117.png
bg_118,external\ryukishi\ep1\bg_118.png
bg_119,external\ryukishi\ep1\bg_119.png
bg_120,external\ryukishi\ep2\bg_120.png
bg_121,external\ryukishi\ep3\bg_121.png
bg_122,external\ryukishi\ep2\bg_122.png
bg_123,external\ryukishi\ep2\bg_123.png
bg_124,external\ryukishi\ep1\bg_124.png
bg_125,external\ryukishi\ep2\bg_125.png
bg_126,external\ryukishi\ep2\bg_126.png
bg_127,external\ryukishi\ep2\bg_127.png
bg_128,external\ryukishi\ep2\bg_128.png
bg_129,external\ryukishi\ep2\bg_129.png
bg_130,external\ryukishi\ep2\bg_130.png
bg_131,external\ryukishi\ep2\bg_131.png
bg_132,external\ryukishi\ep2\bg_132.png
bg_133,external\ryukishi\ep3\bg_133.png
bg_134,external\ryukishi\ep4\bg_134.png
bg_135,external\ryukishi\ep4\bg_135.png
bg_136,external\ryukishi\ep4\bg_136.png
bg_137,external\ryukishi\ep4\bg_137.png
bg_138,external\ryukishi\ep4\bg_138.png
bg_139,external\ryukishi\ep4\bg_139.png
bg_140,external\ryukishi\ep4\bg_140.png
bg_141,external\ryukishi\ep1\bg_141.png
bg_142,external\ryukishi\ep1\bg_142.png
bg_143,external\ryukishi\ep1\bg_143.png
bg_143_re1,external\ryukishi\ep4\bg_143_re1.png
bg_143_re2,external\ryukishi\ep4\bg_143_re2.png
bg_143_re3,external\ryukishi\ep4\bg_143_re3.png
bg_144,external\ryukishi\ep1\bg_144.png
bg_144_mo1,external\ryukishi\ep4\bg_144_mo1.png
bg_144_mo2,external\ryukishi\ep4\bg_144_mo2.png
bg_145,external\ryukishi\ep2\bg_145.png
bg_146,external\ryukishi\ep4\bg_146.png
bg_147,external\ryukishi\ep1\bg_147.png
bg_148,external\ryukishi\ep3\bg_148.png
bg_149,external\ryukishi\ep3\bg_149.png
bg_150,external\ryukishi\ep3\bg_150.png
bg_151,external\ryukishi\ep2\bg_151.png
bg_152,external\ryukishi\ep2\bg_152.png
bg_153,external\ryukishi\ep2\bg_153.png
bg_154,external\ryukishi\ep2\bg_154.png
bg_155,external\ryukishi\ep2\bg_155.png
bg_156,external\ryukishi\ep2\bg_156.png
bg_157,external\ryukishi\ep2\bg_157.png
bg_158,external\ryukishi\ep2\bg_158.png
bg_159,external\ryukishi\ep1\bg_159.png
bg_160,external\ryukishi\ep2\bg_160.png
bg_161,external\ryukishi\ep1\bg_161.png
bg_162,external\ryukishi\ep1\bg_162.png
bg_163,external\ryukishi\ep1\bg_163.png
bg_164,external\ryukishi\ep2\bg_164.png
bg_165,external\ryukishi\ep1\bg_165.png
bg_166,external\ryukishi\ep1\bg_166.png
bg_167,external\ryukishi\ep2\bg_167.png
bg_168,external\ryukishi\ep2\bg_168.png
bg_169,external\ryukishi\ep2\bg_169.png
bg_170,external\ryukishi\ep1\bg_170.png
bg_171,external\ryukishi\ep4\bg_171.png
bg_172,external\ryukishi\ep2\bg_172.png
bg_173,external\ryukishi\ep4\bg_173.png
bg_175,external\ryukishi\ep2\bg_175.png
bg_176,external\ryukishi\ep2\bg_176.png
bg_177,external\ryukishi\ep2\bg_177.png
bg_178,external\ryukishi\ep2\bg_178.png
bg_179,external\ryukishi\ep2\bg_179.png
bg_180,external\ryukishi\ep1\bg_180.png
bg_181,external\ryukishi\ep1\bg_181.png
bg_182,external\ryukishi\ep2\bg_182.png
bg_183,external\ryukishi\ep2\bg_183.png
bg_184,external\ryukishi\ep1\bg_184.png
bg_185,external\ryukishi\ep3\bg_185.png
bg_186,external\ryukishi\ep1\bg_186.png
bg_187,external\ryukishi\ep1\bg_187.png
bg_188,external\ryukishi\ep1\bg_188.png
bg_190,external\ryukishi\ep3\bg_190.png
bg_191,external\ryukishi\ep2\bg_191.png
bg_192,external\ryukishi\ep1\bg_192.png
bg_193,external\ryukishi\ep4\bg_193.png
bg_194,external\ryukishi\ep4\bg_194.png
bg_195,external\ryukishi\ep2\bg_195.png
bg_196,external\ryukishi\ep2\bg_196.png
bg_197,external\ryukishi\ep2\bg_197.png
bg_198,external\ryukishi\ep2\bg_198.png
bg_199,external\ryukishi\ep2\bg_199.png
bg_200,external\ryukishi\ep2\bg_200.png
bg_203,external\ryukishi\ep1\bg_203.png
bg_204,external\ryukishi\ep1\bg_204.png
bg_205,external\ryukishi\ep3\bg_205.png
bg_206,external\ryukishi\ep4\bg_206.png
bg_207,external\ryukishi\ep4\bg_207.png
bg_208,external\ryukishi\ep1\bg_208.png
bg_209,external\ryukishi\ep2\bg_209.png
bg_210,external\ryukishi\ep1\bg_210.png
bg_211,external\ryukishi\ep1\bg_211.png
bg_213,external\ryukishi\ep4\bg_213.png
bg_214,external\ryukishi\ep4\bg_214.png
bg_215,external\ryukishi\ep4\bg_215.png
bg_216,external\ryukishi\ep1\bg_216.png
bg_217,external\ryukishi\ep1\bg_217.png
bg_218,external\ryukishi\ep4\bg_218.png
bg_219,external\ryukishi\ep1\bg_219.png
bg_220,external\ryukishi\ep1\bg_220.png
bg_221,external\ryukishi\ep1\bg_221.png
bg_222,external\ryukishi\ep1\bg_222.png
bg_223,external\ryukishi\ep1\bg_223.png
bg_225,external\ryukishi\ep2\bg_225.png
bg_226,external\ryukishi\ep2\bg_226.png
bg_227,external\ryukishi\ep2\bg_227.png
bg_228,external\ryukishi\ep2\bg_228.png
bg_229,external\ryukishi\ep2\bg_229.png
bg_233,external\ryukishi\ep2\bg_233.png
bg_234,external\ryukishi\ep2\bg_234.png
bg_235,external\ryukishi\ep3\bg_235.png
bg_236,external\ryukishi\ep3\bg_236.png
bg_237,external\ryukishi\ep1\bg_237.png
bg_238,external\ryukishi\ep1\bg_238.png
bg_239,external\ryukishi\ep1\bg_239.png
bg_240,external\ryukishi\ep2\bg_240.png
bg_241,external\ryukishi\ep2\bg_241.png
bg_242,external\ryukishi\ep2\bg_242.png
bg_243,external\ryukishi\ep2\bg_243.png
bg_244,external\ryukishi\ep2\bg_244.png
bg_245,external\ryukishi\ep1\bg_245.png
bg_246,external\ryukishi\ep1\bg_246.png
bg_247,external\ryukishi\ep1\bg_247.png
bg_249,external\ryukishi\ep1\bg_249.png
bg_250,external\ryukishi\ep3\bg_250.png
bg_251,external\ryukishi\ep2\bg_251.png
bg_252,external\ryukishi\ep1\bg_252.png
bg_253,external\ryukishi\ep2\bg_253.png
bg_254,external\ryukishi\ep1\bg_254.png
bg_255,external\ryukishi\ep2\bg_255.png
bg_256,external\ryukishi\ep3\bg_256.png
bg_257,external\ryukishi\ep3\bg_257.png
bg_258,external\ryukishi\ep3\bg_258.png
bg_259,external\ryukishi\ep3\bg_259.png
bg_260,external\ryukishi\ep3\bg_260.png
bg_261,external\ryukishi\ep2\bg_261.png
bg_262,external\ryukishi\ep2\bg_262.png
bg_263,external\ryukishi\ep2\bg_263.png
black,external\ryukishi\ep1\black.png
c,external\ryukishi\ep1\c.png
centerblind,external\ryukishi\ep1\centerblind.png
cinema,external\ryukishi\ep1\cinema.png
damu2,external\ryukishi\ep5\damu2.png
damu3,external\ryukishi\ep7\damu3.png
denwa,external\ryukishi\ep5\denwa.png
down,external\ryukishi\ep1\down.png
dsc00038,external\ryukishi\ep5\dsc00038.png
eki2,external\ryukishi\ep5\eki2.png
empty,external\ryukishi\ep8\empty.png
end,external\ryukishi\ep3\end.png
end_1,external\ryukishi\ep1\end_1.png
end_1_j,external\ryukishi\ep1\end_1_j.png
end_2,external\ryukishi\ep1\end_2.png
end_2_j,external\ryukishi\ep1\end_2_j.png
end_3,external\ryukishi\ep1\end_3.png
end_3_j,external\ryukishi\ep1\end_3_j.png
ex_hima,external\ryukishi\ep3\ex_hima.png
ex_jump,external\ryukishi\ep1\ex_jump.png
ex_otsu,external\ryukishi\ep1\ex_otsu.png
ex_otsu_hima,external\ryukishi\ep4\ex_otsu_hima.png
ex_otsu_tata,external\ryukishi\ep3\ex_otsu_tata.png
ex_otsu_wata,external\ryukishi\ep2\ex_otsu_wata.png
ex_tata,external\ryukishi\ep2\ex_tata.png
ex_tips,external\ryukishi\ep1\ex_tips.png
ex_wata,external\ryukishi\ep1\ex_wata.png
f_a,external\ryukishi\ep5\f_a.png
f_b,external\ryukishi\ep5\f_b.png
file,external\ryukishi\ep6\file.png
filter_hanyu,external\ryukishi\ep7\filter_hanyu.png
fure1,external\ryukishi\ep7\fure1.png
fure2,external\ryukishi\ep7\fure2.png
fure3,external\ryukishi\ep8\fure3.png
furiker_a,external\ryukishi\ep1\furiker_a.png
furiker_b,external\ryukishi\ep1\furiker_b.png
g1,external\ryukishi\ep5\g1.png
g2,external\ryukishi\ep5\g2.png
g3,external\ryukishi\ep6\g3.png
ga1,external\ryukishi\ep5\ga1.png
ga3,external\ryukishi\ep5\ga3.png
ga4,external\ryukishi\ep5\ga4.png
ga5,external\ryukishi\ep5\ga5.png
getkakera,external\ryukishi\ep8\getkakera.png
getkakera_j,external\ryukishi\ep8\getkakera_j.png
gettip_mats025,external\ryukishi\ep8\gettip_mats025.png
gettip_mats025_j,external\ryukishi\ep8\gettip_mats025_j.png
gettip_meak001,external\ryukishi\ep5\gettip_meak001.png
gettip_meak001_j,external\ryukishi\ep5\gettip_meak001_j.png
gettip_meak003,external\ryukishi\ep5\gettip_meak003.png
gettip_meak003_j,external\ryukishi\ep5\gettip_meak003_j.png
gettip_meak005,external\ryukishi\ep5\gettip_meak005.png
gettip_meak005_j,external\ryukishi\ep5\gettip_meak005_j.png
gettip_meak007,external\ryukishi\ep5\gettip_meak007.png
gettip_meak007_j,external\ryukishi\ep5\gettip_meak007_j.png
gettip_meak009,external\ryukishi\ep5\gettip_meak009.png
gettip_meak009_j,external\ryukishi\ep5\gettip_meak009_j.png
gettip_meak011,external\ryukishi\ep5\gettip_meak011.png
gettip_meak011_j,external\ryukishi\ep5\gettip_meak011_j.png
gettip_meak013,external\ryukishi\ep5\gettip_meak013.png
gettip_meak013_j,external\ryukishi\ep5\gettip_meak013_j.png
gettip_meak014,external\ryukishi\ep5\gettip_meak014.png
gettip_meak015,external\ryukishi\ep5\gettip_meak015.png
gettip_meak015_j,external\ryukishi\ep5\gettip_meak015_j.png
gettip_meak016,external\ryukishi\ep5\gettip_meak016.png
gettip_meak016_j,external\ryukishi\ep5\gettip_meak016_j.png
gettip_meak018,external\ryukishi\ep5\gettip_meak018.png
gettip_meak018_j,external\ryukishi\ep5\gettip_meak018_j.png
gettip_meak020,external\ryukishi\ep5\gettip_meak020.png
gettip_meak020_j,external\ryukishi\ep5\gettip_meak020_j.png
gettip_meak022,external\ryukishi\ep5\gettip_meak022.png
gettip_meak022_j,external\ryukishi\ep5\gettip_meak022_j.png
gettip_meak024,external\ryukishi\ep5\gettip_meak024.png
gettip_meak024_j,external\ryukishi\ep5\gettip_meak024_j.png
gettip_meakep03,external\ryukishi\ep5\gettip_meakep03.png
gettip_meakep03_j,external\ryukishi\ep5\gettip_meakep03_j.png
gettip_mina001,external\ryukishi\ep7\gettip_mina001.png
gettip_mina001_j,external\ryukishi\ep7\gettip_mina001_j.png
gettip_mina002,external\ryukishi\ep7\gettip_mina002.png
gettip_mina002_j,external\ryukishi\ep7\gettip_mina002_j.png
gettip_mina005,external\ryukishi\ep7\gettip_mina005.png
gettip_mina005_j,external\ryukishi\ep7\gettip_mina005_j.png
gettip_mina008,external\ryukishi\ep7\gettip_mina008.png
gettip_mina008_j,external\ryukishi\ep7\gettip_mina008_j.png
gettip_mina010,external\ryukishi\ep7\gettip_mina010.png
gettip_mina010_j,external\ryukishi\ep7\gettip_mina010_j.png
gettip_mina012,external\ryukishi\ep7\gettip_mina012.png
gettip_mina012_j,external\ryukishi\ep7\gettip_mina012_j.png
gettip_mina014,external\ryukishi\ep7\gettip_mina014.png
gettip_mina014_j,external\ryukishi\ep7\gettip_mina014_j.png
gettip_mina016,external\ryukishi\ep7\gettip_mina016.png
gettip_mina016_j,external\ryukishi\ep7\gettip_mina016_j.png
gettip_mina020,external\ryukishi\ep7\gettip_mina020.png
gettip_mina020_j,external\ryukishi\ep7\gettip_mina020_j.png
gettip_mina024,external\ryukishi\ep7\gettip_mina024.png
gettip_mina024_j,external\ryukishi\ep7\gettip_mina024_j.png
gettip_minaep,external\ryukishi\ep7\gettip_minaep.png
gettip_minaep_j,external\ryukishi\ep7\gettip_minaep_j.png
gettip_tsum001,external\ryukishi\ep6\gettip_tsum001.png
gettip_tsum001_j,external\ryukishi\ep6\gettip_tsum001_j.png
gettip_tsum003,external\ryukishi\ep6\gettip_tsum003.png
gettip_tsum003_j,external\ryukishi\ep6\gettip_tsum003_j.png
gettip_tsum005,external\ryukishi\ep6\gettip_tsum005.png
gettip_tsum005_j,external\ryukishi\ep6\gettip_tsum005_j.png
gettip_tsum007,external\ryukishi\ep6\gettip_tsum007.png
gettip_tsum007_j,external\ryukishi\ep6\gettip_tsum007_j.png
gettip_tsum009,external\ryukishi\ep6\gettip_tsum009.png
gettip_tsum009_j,external\ryukishi\ep6\gettip_tsum009_j.png
gettip_tsum011,external\ryukishi\ep6\gettip_tsum011.png
gettip_tsum011_j,external\ryukishi\ep6\gettip_tsum011_j.png
gettip_tsum013,external\ryukishi\ep6\gettip_tsum013.png
gettip_tsum013_j,external\ryukishi\ep6\gettip_tsum013_j.png
gettip_tsum015,external\ryukishi\ep6\gettip_tsum015.png
gettip_tsum015_j,external\ryukishi\ep6\gettip_tsum015_j.png
gettip_tsum017,external\ryukishi\ep6\gettip_tsum017.png
gettip_tsum017_j,external\ryukishi\ep6\gettip_tsum017_j.png
gettip_tsum019,external\ryukishi\ep6\gettip_tsum019.png
gettip_tsum019_j,external\ryukishi\ep6\gettip_tsum019_j.png
gettip_tsum021,external\ryukishi\ep6\gettip_tsum021.png
gettip_tsum021_j,external\ryukishi\ep6\gettip_tsum021_j.png
gettip_tsum023,external\ryukishi\ep6\gettip_tsum023.png
gettip_tsum023_j,external\ryukishi\ep6\gettip_tsum023_j.png
gettip_tsum026,external\ryukishi\ep6\gettip_tsum026.png
gettip_tsum026_j,external\ryukishi\ep6\gettip_tsum026_j.png
gk1,external\ryukishi\ep5\gk1.png
gk2,external\ryukishi\ep5\gk2.png
gk3,external\ryukishi\ep5\gk3.png
gr1,external\ryukishi\ep6\gr1.png
gr2,external\ryukishi\ep5\gr2.png
gr3,external\ryukishi\ep5\gr3.png
gr4,external\ryukishi\ep6\gr4.png
gry1,external\ryukishi\ep6\gry1.png
gry2,external\ryukishi\ep7\gry2.png
gy1,external\ryukishi\ep6\gy1.png
gy2,external\ryukishi\ep6\gy2.png
gy3,external\ryukishi\ep6\gy3.png
gy4,external\ryukishi\ep6\gy4.png
gy5,external\ryukishi\ep6\gy5.png
gy6,external\ryukishi\ep6\gy6.png
gy7,external\ryukishi\ep6\gy7.png
gy8,external\ryukishi\ep6\gy8.png
h17,external\ryukishi\ep6\h17.png
ha_aua1,external\ryukishi\ep7\ha_aua1.png
ha_aua1%,external\ryukishi\ep7\ha_aua1%.png
ha_defa1,external\ryukishi\ep7\ha_defa1.png
ha_defa1%,external\ryukishi\ep7\ha_defa1%.png
ha_defa2,external\ryukishi\ep7\ha_defa2.png
ha_defa2%,external\ryukishi\ep7\ha_defa2%.png
ha_niramua1,external\ryukishi\ep8\ha_niramua1.png
ha_niramua1%,external\ryukishi\ep8\ha_niramua1%.png
ha_odorokia1,external\ryukishi\ep7\ha_odorokia1.png
ha_odorokia1%,external\ryukishi\ep7\ha_odorokia1%.png
ha_oyasiroa1%,external\ryukishi\ep8\ha_oyasiroa1%.png
ha_sinmyoua1,external\ryukishi\ep8\ha_sinmyoua1.png
ha_sinmyoua1%,external\ryukishi\ep8\ha_sinmyoua1%.png
ha_waraia1,external\ryukishi\ep7\ha_waraia1.png
ha_waraia1%,external\ryukishi\ep7\ha_waraia1%.png
ha_yowakia1,external\ryukishi\ep7\ha_yowakia1.png
ha_yowakia1%,external\ryukishi\ep7\ha_yowakia1%.png
haikei,external\ryukishi\ep1\haikei.png
heri1,external\ryukishi\ep8\heri1.png
heri2,external\ryukishi\ep8\heri2.png
heya1,external\ryukishi\ep5\heya1.png
heya2,external\ryukishi\ep5\heya2.png
heya3,external\ryukishi\ep5\heya3.png
heya4,external\ryukishi\ep5\heya4.png
heya4_nega1,external\ryukishi\ep5\heya4_nega1.png
heya5,external\ryukishi\ep5\heya5.png
heya6,external\ryukishi\ep5\heya6.png
hi1,external\ryukishi\ep5\hi1.png
hi10,external\ryukishi\ep6\hi10.png
hi2,external\ryukishi\ep5\hi2.png
hi3,external\ryukishi\ep6\hi3.png
hi4,external\ryukishi\ep5\hi4.png
hi5,external\ryukishi\ep6\hi5.png
hi6,external\ryukishi\ep5\hi6.png
hi7,external\ryukishi\ep6\hi7.png
hi8,external\ryukishi\ep7\hi8.png
hi9,external\ryukishi\ep5\hi9.png
hima001,external\ryukishi\ep4\hima001.png
hima001_j,external\ryukishi\ep4\hima001_j.png
hima002_02,external\ryukishi\ep4\hima002_02.png
hima002_02_j,external\ryukishi\ep4\hima002_02_j.png
hima002_03,external\ryukishi\ep4\hima002_03.png
hima002_03_j,external\ryukishi\ep4\hima002_03_j.png
hima003_03,external\ryukishi\ep4\hima003_03.png
hima003_03_j,external\ryukishi\ep4\hima003_03_j.png
hima003_05,external\ryukishi\ep4\hima003_05.png
hima003_05_j,external\ryukishi\ep4\hima003_05_j.png
ho1_houjouke,external\ryukishi\ep5\ho1_houjouke.png
ho1_tokyo,external\ryukishi\ep8\ho1_tokyo.png
ho2_houjouke,external\ryukishi\ep5\ho2_houjouke.png
ho2_tokyo,external\ryukishi\ep8\ho2_tokyo.png
ho3,external\ryukishi\ep8\ho3.png
ho_1,external\ryukishi\ep7\ho_1.png
ho_2,external\ryukishi\ep7\ho_2.png
ho_r1,external\ryukishi\ep5\ho_r1.png
hoteru,external\ryukishi\ep5\hoteru.png
hu1,external\ryukishi\ep7\hu1.png
hu2,external\ryukishi\ep7\hu2.png
hu_r1,external\ryukishi\ep5\hu_r1.png
hu_r2,external\ryukishi\ep5\hu_r2.png
hu_r3,external\ryukishi\ep5\hu_r3.png
hu_r4,external\ryukishi\ep7\hu_r4.png
ie1,external\ryukishi\ep5\ie1.png
ie2,external\ryukishi\ep5\ie2.png
ima1,external\ryukishi\ep5\ima1.png
ima2,external\ryukishi\ep5\ima2.png
ima3,external\ryukishi\ep5\ima3.png
ir_hk_de_a1,external\ryukishi\ep3\ir_hk_de_a1.png
ir_hk_de_a2,external\ryukishi\ep3\ir_hk_de_a2.png
ir_hk_ma_a1,external\ryukishi\ep3\ir_hk_ma_a1.png
ir_hk_ma_a2,external\ryukishi\ep3\ir_hk_ma_a2.png
ir_hk_wa_a1,external\ryukishi\ep3\ir_hk_wa_a1.png
ir_si_de_a1,external\ryukishi\ep3\ir_si_de_a1.png
ir_si_de_a2,external\ryukishi\ep3\ir_si_de_a2.png
ir_si_ma_a1,external\ryukishi\ep3\ir_si_ma_a1.png
ir_si_ma_a2,external\ryukishi\ep3\ir_si_ma_a2.png
ir_si_wa_a1,external\ryukishi\ep3\ir_si_wa_a1.png
ir_yk_de_a1,external\ryukishi\ep3\ir_yk_de_a1.png
ir_yk_de_a2,external\ryukishi\ep3\ir_yk_de_a2.png
ir_yk_wa_a1,external\ryukishi\ep3\ir_yk_wa_a1.png
iri_def1!,external\ryukishi\ep5\iri_def1!.png
iri_def1#,external\ryukishi\ep5\iri_def1#.png
iri_def1+,external\ryukishi\ep5\iri_def1+.png
iri_def2!,external\ryukishi\ep5\iri_def2!.png
iri_def2#,external\ryukishi\ep5\iri_def2#.png
iri_def2+,external\ryukishi\ep6\iri_def2+.png
iri_majime!,external\ryukishi\ep5\iri_majime!.png
iri_majime#,external\ryukishi\ep5\iri_majime#.png
iri_majime+,external\ryukishi\ep5\iri_majime+.png
iri_majime2!,external\ryukishi\ep5\iri_majime2!.png
iri_majime2#,external\ryukishi\ep5\iri_majime2#.png
iri_majime2+,external\ryukishi\ep6\iri_majime2+.png
iri_warai!,external\ryukishi\ep5\iri_warai!.png
iri_warai#,external\ryukishi\ep5\iri_warai#.png
iri_warai+,external\ryukishi\ep6\iri_warai+.png
jansou,external\ryukishi\ep8\jansou.png
jansou2,external\ryukishi\ep7\jansou2.png
jd1,external\ryukishi\ep7\jd1.png
jd2,external\ryukishi\ep5\jd2.png
jd3,external\ryukishi\ep5\jd3.png
jd4,external\ryukishi\ep6\jd4.png
je1,external\ryukishi\ep5\je1.png
je2,external\ryukishi\ep5\je2.png
je3,external\ryukishi\ep5\je3.png
je4,external\ryukishi\ep5\je4.png
ji1,external\ryukishi\ep6\ji1.png
ji2,external\ryukishi\ep5\ji2.png
ji2_mono1,external\ryukishi\ep5\ji2_mono1.png
ji3,external\ryukishi\ep5\ji3.png
ji4,external\ryukishi\ep6\ji4.png
ji5,external\ryukishi\ep5\ji5.png
ji6,external\ryukishi\ep8\ji6.png
ji7,external\ryukishi\ep8\ji7.png
jimu1,external\ryukishi\ep8\jimu1.png
jimu2,external\ryukishi\ep8\jimu2.png
jok1,external\ryukishi\ep5\jok1.png
jok2,external\ryukishi\ep5\jok2.png
js1,external\ryukishi\ep5\js1.png
js2,external\ryukishi\ep7\js2.png
js3,external\ryukishi\ep6\js3.png
js4,external\ryukishi\ep5\js4.png
js5,external\ryukishi\ep7\js5.png
js6,external\ryukishi\ep7\js6.png
jsa1,external\ryukishi\ep5\jsa1.png
jsa2,external\ryukishi\ep5\jsa2.png
jsa2_mono1,external\ryukishi\ep5\jsa2_mono1.png
jsa3,external\ryukishi\ep5\jsa3.png
jsa4,external\ryukishi\ep5\jsa4.png
jsa5,external\ryukishi\ep5\jsa5.png
jsa6,external\ryukishi\ep5\jsa6.png
jsa7,external\ryukishi\ep5\jsa7.png
jsa8,external\ryukishi\ep7\jsa8.png
jsa9,external\ryukishi\ep8\jsa9.png
jt1,external\ryukishi\ep6\jt1.png
jt2,external\ryukishi\ep7\jt2.png
juku1,external\ryukishi\ep6\juku1.png
juku2,external\ryukishi\ep6\juku2.png
jy1,external\ryukishi\ep5\jy1.png
jy2,external\ryukishi\ep5\jy2.png
jys1,external\ryukishi\ep7\jys1.png
jys2,external\ryukishi\ep7\jys2.png
jysa1,external\ryukishi\ep5\jysa1.png
jyt1,external\ryukishi\ep5\jyt1.png
jyt2,external\ryukishi\ep5\jyt2.png
ka1,external\ryukishi\ep7\ka1.png
ka2,external\ryukishi\ep7\ka2.png
ka3,external\ryukishi\ep7\ka3.png
ka4,external\ryukishi\ep7\ka4.png
ka5,external\ryukishi\ep7\ka5.png
kakera1,external\ryukishi\ep7\kakera1.png
kakera2,external\ryukishi\ep7\kakera2.png
kakera3,external\ryukishi\ep8\kakera3.png
kakera4,external\ryukishi\ep8\kakera4.png
kakera5,external\ryukishi\ep8\kakera5.png
kakera6,external\ryukishi\ep8\kakera6.png
kakera_back_01,external\ryukishi\ep8\kakera_back_01.png
kakera_back_02,external\ryukishi\ep8\kakera_back_02.png
kakera_back_03,external\ryukishi\ep8\kakera_back_03.png
kakera_back_04,external\ryukishi\ep8\kakera_back_04.png
kakera_back_05,external\ryukishi\ep8\kakera_back_05.png
kakera_back_06,external\ryukishi\ep8\kakera_back_06.png
kakera_dame,external\ryukishi\ep8\kakera_dame.png
kakera_dame_j,external\ryukishi\ep8\kakera_dame_j.png
kasa1,external\ryukishi\ep5\kasa1.png
kasa2,external\ryukishi\ep5\kasa2.png
kasa3,external\ryukishi\ep5\kasa3.png
kawa1,external\ryukishi\ep5\kawa1.png
kawa4,external\ryukishi\ep6\kawa4.png
kawa5,external\ryukishi\ep6\kawa5.png
ke1,external\ryukishi\ep5\ke1.png
ke2,external\ryukishi\ep7\ke2.png
ke3,external\ryukishi\ep8\ke3.png
ke4,external\ryukishi\ep8\ke4.png
ke5,external\ryukishi\ep5\ke5.png
ke6,external\ryukishi\ep7\ke6.png
ke_ky1,external\ryukishi\ep5\ke_ky1.png
ke_ky2,external\ryukishi\ep5\ke_ky2.png
ke_ky3,external\ryukishi\ep5\ke_ky3.png
ke_ky4,external\ryukishi\ep8\ke_ky4.png
ke_r1,external\ryukishi\ep8\ke_r1.png
ke_r2,external\ryukishi\ep8\ke_r2.png
ke_s1,external\ryukishi\ep5\ke_s1.png
ke_s1_nega1,external\ryukishi\ep5\ke_s1_nega1.png
ke_s2,external\ryukishi\ep5\ke_s2.png
ke_s3,external\ryukishi\ep8\ke_s3.png
kei_def1,external\ryukishi\ep5\kei_def1.png
kei_def1#,external\ryukishi\ep5\kei_def1#.png
kei_def2,external\ryukishi\ep5\kei_def2.png
kei_def2#,external\ryukishi\ep5\kei_def2#.png
kei_eyexa1,external\ryukishi\ep6\kei_eyexa1.png
kei_eyexa2,external\ryukishi\ep6\kei_eyexa2.png
kei_ikari1,external\ryukishi\ep5\kei_ikari1.png
kei_ikari1#,external\ryukishi\ep5\kei_ikari1#.png
kei_ikari2,external\ryukishi\ep5\kei_ikari2.png
kei_ikari2#,external\ryukishi\ep7\kei_ikari2#.png
kei_komaru,external\ryukishi\ep5\kei_komaru.png
kei_komaru#,external\ryukishi\ep5\kei_komaru#.png
kei_majime,external\ryukishi\ep5\kei_majime.png
kei_majime#,external\ryukishi\ep5\kei_majime#.png
kei_majime2,external\ryukishi\ep5\kei_majime2.png
kei_majime2#,external\ryukishi\ep5\kei_majime2#.png
kei_nayamu,external\ryukishi\ep5\kei_nayamu.png
kei_nayamu#,external\ryukishi\ep5\kei_nayamu#.png
kei_warai,external\ryukishi\ep5\kei_warai.png
kei_warai#,external\ryukishi\ep5\kei_warai#.png
kenkei,external\ryukishi\ep4\kenkei.png
kenkei_j,external\ryukishi\ep4\kenkei_j.png
ko1,external\ryukishi\ep8\ko1.png
ko2,external\ryukishi\ep8\ko2.png
ko3,external\ryukishi\ep8\ko3.png
kouan,external\ryukishi\ep4\kouan.png
kouan_j,external\ryukishi\ep4\kouan_j.png
kouen,external\ryukishi\ep5\kouen.png
koya1,external\ryukishi\ep8\koya1.png
koya2,external\ryukishi\ep8\koya2.png
kuruma1,external\ryukishi\ep6\kuruma1.png
kuruma2,external\ryukishi\ep6\kuruma2.png
kuruma3,external\ryukishi\ep6\kuruma3.png
kuruma4,external\ryukishi\ep5\kuruma4.png
kuruma5,external\ryukishi\ep5\kuruma5.png
kuruma6,external\ryukishi\ep5\kuruma6.png
kuruma8,external\ryukishi\ep5\kuruma8.png
kusa,external\ryukishi\ep6\kusa.png
l_black,external\ryukishi\ep7\l_black.png
left,external\ryukishi\ep1\left.png
logo,external\ryukishi\ep1\logo.png
logo_j,external\ryukishi\ep1\logo_j.png
logomask,external\ryukishi\ep1\logomask.png
m1,external\ryukishi\ep1\m1.png
m_hi1,external\ryukishi\ep6\m_hi1.png
m_hi10,external\ryukishi\ep6\m_hi10.png
m_hi11,external\ryukishi\ep6\m_hi11.png
m_hi12,external\ryukishi\ep6\m_hi12.png
m_hi13,external\ryukishi\ep6\m_hi13.png
m_hi14,external\ryukishi\ep6\m_hi14.png
m_hi15,external\ryukishi\ep6\m_hi15.png
m_hi2,external\ryukishi\ep5\m_hi2.png
m_hi3,external\ryukishi\ep5\m_hi3.png
m_hi4,external\ryukishi\ep6\m_hi4.png
m_hi5,external\ryukishi\ep6\m_hi5.png
m_hi6,external\ryukishi\ep5\m_hi6.png
m_hi7,external\ryukishi\ep6\m_hi7.png
m_hi8,external\ryukishi\ep6\m_hi8.png
m_hi9,external\ryukishi\ep5\m_hi9.png
m_y1,external\ryukishi\ep5\m_y1.png
m_y2,external\ryukishi\ep6\m_y2.png
m_y3,external\ryukishi\ep6\m_y3.png
m_y4,external\ryukishi\ep5\m_y4.png
m_y4_nega1_6,external\ryukishi\ep6\m_y4_nega1_6.png
m_y5,external\ryukishi\ep6\m_y5.png
m_y6,external\ryukishi\ep5\m_y6.png
m_y7,external\ryukishi\ep5\m_y7.png
ma1,external\ryukishi\ep6\ma1.png
ma2,external\ryukishi\ep5\ma2.png
ma3,external\ryukishi\ep6\ma3.png
ma4,external\ryukishi\ep6\ma4.png
ma5,external\ryukishi\ep5\ma5.png
ma_1,external\ryukishi\ep8\ma_1.png
ma_1_j,external\ryukishi\ep8\ma_1_j.png
ma_2,external\ryukishi\ep8\ma_2.png
ma_2_j,external\ryukishi\ep8\ma_2_j.png
ma_3,external\ryukishi\ep8\ma_3.png
ma_3_j,external\ryukishi\ep8\ma_3_j.png
ma_d1,external\ryukishi\ep6\ma_d1.png
ma_g1,external\ryukishi\ep7\ma_g1.png
ma_g2,external\ryukishi\ep6\ma_g2.png
ma_g3,external\ryukishi\ep6\ma_g3.png
ma_j1,external\ryukishi\ep6\ma_j1.png
ma_j2,external\ryukishi\ep6\ma_j2.png
ma_j3,external\ryukishi\ep6\ma_j3.png
ma_s1,external\ryukishi\ep6\ma_s1.png
ma_s2,external\ryukishi\ep6\ma_s2.png
mangagamer,external\ryukishi\ep1\mangagamer.png
mask00,external\ryukishi\ep5\mask00.png
mask1013,external\ryukishi\ep1\mask1013.png
mask1014,external\ryukishi\ep4\mask1014.png
mask1020,external\ryukishi\ep4\mask1020.png
mask1900,external\ryukishi\ep5\mask1900.png
mask2,external\ryukishi\ep5\mask2.png
mask4,external\ryukishi\ep5\mask4.png
mask5,external\ryukishi\ep5\mask5.png
mask6,external\ryukishi\ep5\mask6.png
mask_1900,external\ryukishi\ep1\mask_1900.png
maskaa,external\ryukishi\ep5\maskaa.png
maskc,external\ryukishi\ep5\maskc.png
maskdown,external\ryukishi\ep5\maskdown.png
maskleft,external\ryukishi\ep5\maskleft.png
maskm1,external\ryukishi\ep5\maskm1.png
maskright,external\ryukishi\ep5\maskright.png
maskryuuketu,external\ryukishi\ep5\maskryuuketu.png
masktoketu,external\ryukishi\ep5\masktoketu.png
maskup,external\ryukishi\ep5\maskup.png
maskx,external\ryukishi\ep5\maskx.png
mati1,external\ryukishi\ep5\mati1.png
mati10,external\ryukishi\ep5\mati10.png
mati11,external\ryukishi\ep7\mati11.png
mati12,external\ryukishi\ep6\mati12.png
mati13,external\ryukishi\ep8\mati13.png
mati14,external\ryukishi\ep8\mati14.png
mati15,external\ryukishi\ep8\mati15.png
mati16,external\ryukishi\ep8\mati16.png
mati17,external\ryukishi\ep8\mati17.png
mati2,external\ryukishi\ep5\mati2.png
mati3,external\ryukishi\ep5\mati3.png
mati4,external\ryukishi\ep5\mati4.png
mati5,external\ryukishi\ep5\mati5.png
mati6,external\ryukishi\ep5\mati6.png
mati7,external\ryukishi\ep7\mati7.png
mati9,external\ryukishi\ep6\mati9.png
mati_ji1,external\ryukishi\ep7\mati_ji1.png
mati_ji2,external\ryukishi\ep7\mati_ji2.png
mati_ji3,external\ryukishi\ep7\mati_ji3.png
mati_ji4,external\ryukishi\ep7\mati_ji4.png
mati_o1,external\ryukishi\ep5\mati_o1.png
mati_o2,external\ryukishi\ep5\mati_o2.png
mati_o3,external\ryukishi\ep5\mati_o3.png
mati_o4,external\ryukishi\ep5\mati_o4.png
mati_o5,external\ryukishi\ep7\mati_o5.png
mati_o6,external\ryukishi\ep7\mati_o6.png
matu_t1,external\ryukishi\ep8\matu_t1.png
matu_t2,external\ryukishi\ep8\matu_t2.png
maturi_txt1,external\ryukishi\ep8\maturi_txt1.png
maturi_txt10,external\ryukishi\ep8\maturi_txt10.png
maturi_txt10_j,external\ryukishi\ep8\maturi_txt10_j.png
maturi_txt10b,external\ryukishi\ep8\maturi_txt10b.png
maturi_txt10b_j,external\ryukishi\ep8\maturi_txt10b_j.png
maturi_txt11,external\ryukishi\ep8\maturi_txt11.png
maturi_txt11_j,external\ryukishi\ep8\maturi_txt11_j.png
maturi_txt12,external\ryukishi\ep8\maturi_txt12.png
maturi_txt12_j,external\ryukishi\ep8\maturi_txt12_j.png
maturi_txt13,external\ryukishi\ep8\maturi_txt13.png
maturi_txt13_j,external\ryukishi\ep8\maturi_txt13_j.png
maturi_txt1_j,external\ryukishi\ep8\maturi_txt1_j.png
maturi_txt2,external\ryukishi\ep8\maturi_txt2.png
maturi_txt2_j,external\ryukishi\ep8\maturi_txt2_j.png
maturi_txt2b,external\ryukishi\ep8\maturi_txt2b.png
maturi_txt2b_j,external\ryukishi\ep8\maturi_txt2b_j.png
maturi_txt2c,external\ryukishi\ep8\maturi_txt2c.png
maturi_txt2c_j,external\ryukishi\ep8\maturi_txt2c_j.png
maturi_txt3,external\ryukishi\ep8\maturi_txt3.png
maturi_txt3_j,external\ryukishi\ep8\maturi_txt3_j.png
maturi_txt3b,external\ryukishi\ep8\maturi_txt3b.png
maturi_txt3b_j,external\ryukishi\ep8\maturi_txt3b_j.png
maturi_txt4,external\ryukishi\ep8\maturi_txt4.png
maturi_txt4_j,external\ryukishi\ep8\maturi_txt4_j.png
maturi_txt5,external\ryukishi\ep8\maturi_txt5.png
maturi_txt5_j,external\ryukishi\ep8\maturi_txt5_j.png
maturi_txt6,external\ryukishi\ep8\maturi_txt6.png
maturi_txt6_j,external\ryukishi\ep8\maturi_txt6_j.png
maturi_txt6b,external\ryukishi\ep8\maturi_txt6b.png
maturi_txt6b_j,external\ryukishi\ep8\maturi_txt6b_j.png
maturi_txt6c,external\ryukishi\ep8\maturi_txt6c.png
maturi_txt6c_j,external\ryukishi\ep8\maturi_txt6c_j.png
maturi_txt7,external\ryukishi\ep8\maturi_txt7.png
maturi_txt7_j,external\ryukishi\ep8\maturi_txt7_j.png
maturi_txt8,external\ryukishi\ep8\maturi_txt8.png
maturi_txt8_j,external\ryukishi\ep8\maturi_txt8_j.png
maturi_txt9,external\ryukishi\ep8\maturi_txt9.png
maturi_txt9_j,external\ryukishi\ep8\maturi_txt9_j.png
me_akuwaraia1,external\ryukishi\ep6\me_akuwaraia1.png
me_akuwaraia1#,external\ryukishi\ep5\me_akuwaraia1#.png
me_akuwaraia1$,external\ryukishi\ep6\me_akuwaraia1$.png
me_akuwaraia1&,external\ryukishi\ep6\me_akuwaraia1&.png
me_akuwaraia2,external\ryukishi\ep6\me_akuwaraia2.png
me_akuwaraia2#,external\ryukishi\ep7\me_akuwaraia2#.png
me_akuwaraia2$,external\ryukishi\ep6\me_akuwaraia2$.png
me_akuwaraia2&,external\ryukishi\ep6\me_akuwaraia2&.png
me_akuwaraib1,external\ryukishi\ep6\me_akuwaraib1.png
me_akuwaraib2,external\ryukishi\ep6\me_akuwaraib2.png
me_defa1,external\ryukishi\ep6\me_defa1.png
me_defa1#,external\ryukishi\ep5\me_defa1#.png
me_defa1&,external\ryukishi\ep6\me_defa1&.png
me_defa2,external\ryukishi\ep6\me_defa2.png
me_defa2#,external\ryukishi\ep5\me_defa2#.png
me_defa2$,external\ryukishi\ep6\me_defa2$.png
me_defb1,external\ryukishi\ep6\me_defb1.png
me_defb2,external\ryukishi\ep6\me_defb2.png
me_eyex1,external\ryukishi\ep6\me_eyex1.png
me_eyex2,external\ryukishi\ep6\me_eyex2.png
me_haua1,external\ryukishi\ep6\me_haua1.png
me_haua1#,external\ryukishi\ep5\me_haua1#.png
me_haub1,external\ryukishi\ep6\me_haub1.png
me_hi_majia1#,external\ryukishi\ep5\me_hi_majia1#.png
me_hi_majia2#,external\ryukishi\ep5\me_hi_majia2#.png
me_hutekia1,external\ryukishi\ep6\me_hutekia1.png
me_hutekia1#,external\ryukishi\ep6\me_hutekia1#.png
me_hutekia1$,external\ryukishi\ep6\me_hutekia1$.png
me_hutekia1&,external\ryukishi\ep6\me_hutekia1&.png
me_ikaria1,external\ryukishi\ep5\me_ikaria1.png
me_ikaria1#,external\ryukishi\ep8\me_ikaria1#.png
me_ikaria2,external\ryukishi\ep7\me_ikaria2.png
me_ikaria2&,external\ryukishi\ep6\me_ikaria2&.png
me_ikarib1,external\ryukishi\ep7\me_ikarib1.png
me_ikarib2,external\ryukishi\ep7\me_ikarib2.png
me_majimea1,external\ryukishi\ep5\me_majimea1.png
me_majimea1#,external\ryukishi\ep5\me_majimea1#.png
me_majimea1&,external\ryukishi\ep6\me_majimea1&.png
me_majimea2,external\ryukishi\ep5\me_majimea2.png
me_majimea2#,external\ryukishi\ep5\me_majimea2#.png
me_majimea2&,external\ryukishi\ep6\me_majimea2&.png
me_majimeb1,external\ryukishi\ep6\me_majimeb1.png
me_majimeb2,external\ryukishi\ep5\me_majimeb2.png
me_mi_aw_a1,external\ryukishi\ep1\me_mi_aw_a1.png
me_mi_aw_a2,external\ryukishi\ep1\me_mi_aw_a2.png
me_mi_fu_a2,external\ryukishi\ep1\me_mi_fu_a2.png
me_mi_wi_a1,external\ryukishi\ep1\me_mi_wi_a1.png
me_mi_wi_a2,external\ryukishi\ep1\me_mi_wi_a2.png
me_odorokia1,external\ryukishi\ep6\me_odorokia1.png
me_odorokia1#,external\ryukishi\ep5\me_odorokia1#.png
me_odorokia1$,external\ryukishi\ep7\me_odorokia1$.png
me_odorokia1&,external\ryukishi\ep6\me_odorokia1&.png
me_odorokia2,external\ryukishi\ep6\me_odorokia2.png
me_odorokia2#,external\ryukishi\ep5\me_odorokia2#.png
me_odorokib1,external\ryukishi\ep6\me_odorokib1.png
me_odorokib2,external\ryukishi\ep6\me_odorokib2.png
me_se_aw_a1,external\ryukishi\ep1\me_se_aw_a1.png
me_se_aw_a2,external\ryukishi\ep1\me_se_aw_a2.png
me_se_aw_b1,external\ryukishi\ep1\me_se_aw_b1.png
me_se_aw_b2,external\ryukishi\ep1\me_se_aw_b2.png
me_se_bi_a1,external\ryukishi\ep1\me_se_bi_a1.png
me_se_bi_a2,external\ryukishi\ep2\me_se_bi_a2.png
me_se_bi_b1,external\ryukishi\ep1\me_se_bi_b1.png
me_se_bi_b2,external\ryukishi\ep1\me_se_bi_b2.png
me_se_de_a1,external\ryukishi\ep1\me_se_de_a1.png
me_se_de_a2,external\ryukishi\ep1\me_se_de_a2.png
me_se_de_b1,external\ryukishi\ep1\me_se_de_b1.png
me_se_de_b2,external\ryukishi\ep1\me_se_de_b2.png
me_se_fu_a1,external\ryukishi\ep1\me_se_fu_a1.png
me_se_fu_a2,external\ryukishi\ep2\me_se_fu_a2.png
me_se_fu_b1,external\ryukishi\ep1\me_se_fu_b1.png
me_se_fu_b2,external\ryukishi\ep1\me_se_fu_b2.png
me_se_ha_a1,external\ryukishi\ep2\me_se_ha_a1.png
me_se_ha_b1,external\ryukishi\ep2\me_se_ha_b1.png
me_se_him_a1,external\ryukishi\ep1\me_se_him_a1.png
me_se_ik_a1,external\ryukishi\ep1\me_se_ik_a1.png
me_se_ik_a2,external\ryukishi\ep3\me_se_ik_a2.png
me_se_ik_b1,external\ryukishi\ep3\me_se_ik_b1.png
me_se_ik_b2,external\ryukishi\ep3\me_se_ik_b2.png
me_se_ma_a1,external\ryukishi\ep1\me_se_ma_a1.png
me_se_ma_a2,external\ryukishi\ep1\me_se_ma_a2.png
me_se_ma_b1,external\ryukishi\ep1\me_se_ma_b1.png
me_se_ma_b2,external\ryukishi\ep2\me_se_ma_b2.png
me_se_si_a1,external\ryukishi\ep3\me_se_si_a1.png
me_se_si_a2,external\ryukishi\ep3\me_se_si_a2.png
me_se_si_b1,external\ryukishi\ep3\me_se_si_b1.png
me_se_si_b2,external\ryukishi\ep3\me_se_si_b2.png
me_se_th_a1,external\ryukishi\ep1\me_se_th_a1.png
me_se_th_a2,external\ryukishi\ep1\me_se_th_a2.png
me_se_th_b1,external\ryukishi\ep1\me_se_th_b1.png
me_se_th_b2,external\ryukishi\ep1\me_se_th_b2.png
me_se_to_a1,external\ryukishi\ep1\me_se_to_a1.png
me_se_to_a2,external\ryukishi\ep1\me_se_to_a2.png
me_se_to_b1,external\ryukishi\ep1\me_se_to_b1.png
me_se_to_b2,external\ryukishi\ep1\me_se_to_b2.png
me_se_wa_a1,external\ryukishi\ep1\me_se_wa_a1.png
me_se_wa_a2,external\ryukishi\ep1\me_se_wa_a2.png
me_se_wa_b1,external\ryukishi\ep1\me_se_wa_b1.png
me_se_wa_b2,external\ryukishi\ep2\me_se_wa_b2.png
me_se_wi_a1,external\ryukishi\ep1\me_se_wi_a1.png
me_se_wi_a2,external\ryukishi\ep1\me_se_wi_a2.png
me_se_wi_b1,external\ryukishi\ep1\me_se_wi_b1.png
me_se_wi_b2,external\ryukishi\ep1\me_se_wi_b2.png
me_se_yw_a1,external\ryukishi\ep1\me_se_yw_a1.png
me_se_yw_a2,external\ryukishi\ep1\me_se_yw_a2.png
me_se_yw_b1,external\ryukishi\ep2\me_se_yw_b1.png
me_se_yw_b2,external\ryukishi\ep1\me_se_yw_b2.png
me_si_aw_a1,external\ryukishi\ep1\me_si_aw_a1.png
me_si_aw_a2,external\ryukishi\ep1\me_si_aw_a2.png
me_si_bi_a1,external\ryukishi\ep2\me_si_bi_a1.png
me_si_bi_a2,external\ryukishi\ep2\me_si_bi_a2.png
me_si_de_a1,external\ryukishi\ep1\me_si_de_a1.png
me_si_de_a2,external\ryukishi\ep2\me_si_de_a2.png
me_si_fu_a1,external\ryukishi\ep1\me_si_fu_a1.png
me_si_fu_a2,external\ryukishi\ep1\me_si_fu_a2.png
me_si_ha_a1,external\ryukishi\ep2\me_si_ha_a1.png
me_si_him_a1,external\ryukishi\ep1\me_si_him_a1.png
me_si_him_a2,external\ryukishi\ep1\me_si_him_a2.png
me_si_ik_a1,external\ryukishi\ep1\me_si_ik_a1.png
me_si_ik_a2,external\ryukishi\ep2\me_si_ik_a2.png
me_si_ma_a1,external\ryukishi\ep1\me_si_ma_a1.png
me_si_ma_a2,external\ryukishi\ep2\me_si_ma_a2.png
me_si_si_a1,external\ryukishi\ep2\me_si_si_a1.png
me_si_si_a2,external\ryukishi\ep2\me_si_si_a2.png
me_si_th_a1,external\ryukishi\ep1\me_si_th_a1.png
me_si_th_a2,external\ryukishi\ep1\me_si_th_a2.png
me_si_to_a1,external\ryukishi\ep1\me_si_to_a1.png
me_si_to_a2,external\ryukishi\ep1\me_si_to_a2.png
me_si_wa_a1,external\ryukishi\ep1\me_si_wa_a1.png
me_si_wa_a2,external\ryukishi\ep1\me_si_wa_a2.png
me_si_wi_a1,external\ryukishi\ep1\me_si_wi_a1.png
me_si_wi_a2,external\ryukishi\ep1\me_si_wi_a2.png
me_si_yw_a1,external\ryukishi\ep2\me_si_yw_a1.png
me_si_yw_a2,external\ryukishi\ep3\me_si_yw_a2.png
me_sinmyoua1,external\ryukishi\ep6\me_sinmyoua1.png
me_sinmyoua1#,external\ryukishi\ep5\me_sinmyoua1#.png
me_sinmyoua2,external\ryukishi\ep7\me_sinmyoua2.png
me_sinmyoua2#,external\ryukishi\ep5\me_sinmyoua2#.png
me_sinmyoub2,external\ryukishi\ep6\me_sinmyoub2.png
me_ta_aw_a1,external\ryukishi\ep1\me_ta_aw_a1.png
me_ta_aw_a2,external\ryukishi\ep1\me_ta_aw_a2.png
me_ta_de_a1,external\ryukishi\ep1\me_ta_de_a1.png
me_ta_de_a2,external\ryukishi\ep2\me_ta_de_a2.png
me_ta_fu_a1,external\ryukishi\ep2\me_ta_fu_a1.png
me_ta_fu_a2,external\ryukishi\ep1\me_ta_fu_a2.png
me_ta_th_a1,external\ryukishi\ep1\me_ta_th_a1.png
me_ta_to_a1,external\ryukishi\ep1\me_ta_to_a1.png
me_ta_to_a2,external\ryukishi\ep1\me_ta_to_a2.png
me_ta_wa_a2,external\ryukishi\ep1\me_ta_wa_a2.png
me_ta_wi_a1,external\ryukishi\ep1\me_ta_wi_a1.png
me_ta_wi_a2,external\ryukishi\ep1\me_ta_wi_a2.png
me_tohohoa1,external\ryukishi\ep6\me_tohohoa1.png
me_tohohoa1#,external\ryukishi\ep5\me_tohohoa1#.png
me_tohohoa1$,external\ryukishi\ep6\me_tohohoa1$.png
me_tohohoa1&,external\ryukishi\ep6\me_tohohoa1&.png
me_tohohoa2,external\ryukishi\ep6\me_tohohoa2.png
me_tohohoa2#,external\ryukishi\ep5\me_tohohoa2#.png
me_tohohoa2$,external\ryukishi\ep6\me_tohohoa2$.png
me_tohohoa2&,external\ryukishi\ep6\me_tohohoa2&.png
me_tohohob1,external\ryukishi\ep6\me_tohohob1.png
me_tohohob2,external\ryukishi\ep6\me_tohohob2.png
me_tokuia1,external\ryukishi\ep6\me_tokuia1.png
me_tokuia1#,external\ryukishi\ep5\me_tokuia1#.png
me_tokuia1&,external\ryukishi\ep6\me_tokuia1&.png
me_tokuia2,external\ryukishi\ep6\me_tokuia2.png
me_tokuia2#,external\ryukishi\ep7\me_tokuia2#.png
me_tokuia2&,external\ryukishi\ep6\me_tokuia2&.png
me_tokuib1,external\ryukishi\ep6\me_tokuib1.png
me_tokuib2,external\ryukishi\ep6\me_tokuib2.png
me_waraia1,external\ryukishi\ep6\me_waraia1.png
me_waraia1#,external\ryukishi\ep5\me_waraia1#.png
me_waraia1$,external\ryukishi\ep6\me_waraia1$.png
me_waraia1&,external\ryukishi\ep6\me_waraia1&.png
me_waraia2,external\ryukishi\ep6\me_waraia2.png
me_waraia2#,external\ryukishi\ep5\me_waraia2#.png
me_waraia2$,external\ryukishi\ep6\me_waraia2$.png
me_waraia2&,external\ryukishi\ep6\me_waraia2&.png
me_waraib1,external\ryukishi\ep6\me_waraib1.png
me_waraib2,external\ryukishi\ep6\me_waraib2.png
me_winka1,external\ryukishi\ep5\me_winka1.png
me_winka1#,external\ryukishi\ep6\me_winka1#.png
me_winka1$,external\ryukishi\ep6\me_winka1$.png
me_winka1&,external\ryukishi\ep6\me_winka1&.png
me_winka2,external\ryukishi\ep6\me_winka2.png
me_winka2#,external\ryukishi\ep5\me_winka2#.png
me_winka2$,external\ryukishi\ep6\me_winka2$.png
me_winka2&,external\ryukishi\ep6\me_winka2&.png
me_winkb1,external\ryukishi\ep6\me_winkb1.png
me_winkb2,external\ryukishi\ep5\me_winkb2.png
me_yowakia1,external\ryukishi\ep6\me_yowakia1.png
me_yowakia1#,external\ryukishi\ep5\me_yowakia1#.png
me_yowakia2,external\ryukishi\ep6\me_yowakia2.png
me_yowakia2#,external\ryukishi\ep5\me_yowakia2#.png
me_yowakib1,external\ryukishi\ep5\me_yowakib1.png
me_yowakib2,external\ryukishi\ep6\me_yowakib2.png
mea_t1,external\ryukishi\ep5\mea_t1.png
mea_t1_j,external\ryukishi\ep5\mea_t1_j.png
mea_t2,external\ryukishi\ep5\mea_t2.png
mea_t2_j,external\ryukishi\ep5\mea_t2_j.png
mea_t3,external\ryukishi\ep5\mea_t3.png
mea_t3_j,external\ryukishi\ep5\mea_t3_j.png
mea_t4,external\ryukishi\ep5\mea_t4.png
mea_t4_j,external\ryukishi\ep5\mea_t4_j.png
mea_t5,external\ryukishi\ep5\mea_t5.png
mea_t5_j,external\ryukishi\ep5\mea_t5_j.png
meak_staff_01,external\ryukishi\ep5\meak_staff_01.png
meak_staff_01_j,external\ryukishi\ep5\meak_staff_01_j.png
meakasi_list,external\ryukishi\ep5\meakasi_list.png
meakasi_list2_j,external\ryukishi\ep5\meakasi_list2_j.png
meakasi_list_j,external\ryukishi\ep5\meakasi_list_j.png
mina1,external\ryukishi\ep7\mina1.png
mina10,external\ryukishi\ep7\mina10.png
mina10_j,external\ryukishi\ep7\mina10_j.png
mina1_j,external\ryukishi\ep7\mina1_j.png
mina2,external\ryukishi\ep7\mina2.png
mina2_j,external\ryukishi\ep7\mina2_j.png
mina3,external\ryukishi\ep7\mina3.png
mina3_j,external\ryukishi\ep7\mina3_j.png
mina4,external\ryukishi\ep7\mina4.png
mina4_j,external\ryukishi\ep7\mina4_j.png
mina5,external\ryukishi\ep7\mina5.png
mina5_j,external\ryukishi\ep7\mina5_j.png
mina6,external\ryukishi\ep7\mina6.png
mina6_j,external\ryukishi\ep7\mina6_j.png
mina7,external\ryukishi\ep7\mina7.png
mina7_j,external\ryukishi\ep7\mina7_j.png
mina8,external\ryukishi\ep7\mina8.png
mina8_j,external\ryukishi\ep7\mina8_j.png
mina9,external\ryukishi\ep7\mina9.png
mina9_j,external\ryukishi\ep7\mina9_j.png
mina_t1,external\ryukishi\ep7\mina_t1.png
mina_t1_j,external\ryukishi\ep7\mina_t1_j.png
mina_t2,external\ryukishi\ep7\mina_t2.png
mina_t2_j,external\ryukishi\ep7\mina_t2_j.png
minacubemap,external\ryukishi\ep8\minacubemap.png
mo1,external\ryukishi\ep6\mo1.png
mo2,external\ryukishi\ep6\mo2.png
mo3,external\ryukishi\ep5\mo3.png
mo4,external\ryukishi\ep5\mo4.png
mo5,external\ryukishi\ep5\mo5.png
mo6,external\ryukishi\ep6\mo6.png
mo7,external\ryukishi\ep8\mo7.png
mo8,external\ryukishi\ep8\mo8.png
mo_b1,external\ryukishi\ep5\mo_b1.png
mo_g1,external\ryukishi\ep5\mo_g1.png
mo_g2,external\ryukishi\ep5\mo_g2.png
mo_g3,external\ryukishi\ep6\mo_g3.png
mo_g4,external\ryukishi\ep6\mo_g4.png
mo_g5,external\ryukishi\ep8\mo_g5.png
mo_r1,external\ryukishi\ep6\mo_r1.png
mo_r2,external\ryukishi\ep6\mo_r2.png
mo_yg1,external\ryukishi\ep6\mo_yg1.png
mo_yg4,external\ryukishi\ep6\mo_yg4.png
mono_004_1,external\ryukishi\ep8\mono_004_1.png
mono_ka26_1,external\ryukishi\ep8\mono_ka26_1.png
mono_ka26_2,external\ryukishi\ep8\mono_ka26_2.png
mono_ka26_3,external\ryukishi\ep8\mono_ka26_3.png
mono_op_1,external\ryukishi\ep8\mono_op_1.png
mono_op_2,external\ryukishi\ep8\mono_op_2.png
mono_op_3,external\ryukishi\ep8\mono_op_3.png
mono_op_4,external\ryukishi\ep8\mono_op_4.png
mono_op_5,external\ryukishi\ep8\mono_op_5.png
mono_op_6,external\ryukishi\ep8\mono_op_6.png
mono_op_7,external\ryukishi\ep8\mono_op_7.png
moon,external\ryukishi\ep5\moon.png
mori,external\ryukishi\ep8\mori.png
mozaik,external\ryukishi\ep5\mozaik.png
mura,external\ryukishi\ep6\mura.png
mura2,external\ryukishi\ep8\mura2.png
no_data,external\ryukishi\ep1\no_data.png
nomi1,external\ryukishi\ep8\nomi1.png
nomi2,external\ryukishi\ep8\nomi2.png
nomi3,external\ryukishi\ep8\nomi3.png
nort,external\ryukishi\ep5\nort.png
nort150,external\ryukishi\ep5\nort150.png
nort150_j,external\ryukishi\ep5\nort150_j.png
nort159,external\ryukishi\ep5\nort159.png
nort159_j,external\ryukishi\ep5\nort159_j.png
nort165,external\ryukishi\ep5\nort165.png
nort165_j,external\ryukishi\ep5\nort165_j.png
nort186,external\ryukishi\ep5\nort186.png
nort186_j,external\ryukishi\ep5\nort186_j.png
nort19,external\ryukishi\ep5\nort19.png
nort19_j,external\ryukishi\ep5\nort19_j.png
nort2,external\ryukishi\ep5\nort2.png
nort26,external\ryukishi\ep5\nort26.png
nort26_j,external\ryukishi\ep5\nort26_j.png
nort27,external\ryukishi\ep5\nort27.png
nort27_j,external\ryukishi\ep5\nort27_j.png
nort43,external\ryukishi\ep5\nort43.png
nort43_j,external\ryukishi\ep5\nort43_j.png
nort5,external\ryukishi\ep5\nort5.png
nort5_j,external\ryukishi\ep5\nort5_j.png
nort_mono1,external\ryukishi\ep5\nort_mono1.png
nort_mono2,external\ryukishi\ep5\nort_mono2.png
nort_mono3,external\ryukishi\ep5\nort_mono3.png
nort_mono4,external\ryukishi\ep5\nort_mono4.png
nort_mono5,external\ryukishi\ep5\nort_mono5.png
nort_mono6,external\ryukishi\ep5\nort_mono6.png
oh_eyexa1,external\ryukishi\ep7\oh_eyexa1.png
oi_si_aw_a1,external\ryukishi\ep3\oi_si_aw_a1.png
oi_si_de_a1,external\ryukishi\ep1\oi_si_de_a1.png
oi_si_de_a2,external\ryukishi\ep3\oi_si_de_a2.png
oi_si_ma_a1,external\ryukishi\ep1\oi_si_ma_a1.png
oi_si_wa_a1,external\ryukishi\ep1\oi_si_wa_a1.png
oi_yk_de_a1,external\ryukishi\ep4\oi_yk_de_a1.png
oi_yk_de_a2,external\ryukishi\ep4\oi_yk_de_a2.png
oi_yk_ma_a1,external\ryukishi\ep4\oi_yk_ma_a1.png
oi_yk_wa_a1,external\ryukishi\ep4\oi_yk_wa_a1.png
oisi1,external\ryukishi\ep5\oisi1.png
oisi2,external\ryukishi\ep5\oisi2.png
oisi3,external\ryukishi\ep6\oisi3.png
oisi4,external\ryukishi\ep5\oisi4.png
oisi5,external\ryukishi\ep5\oisi5.png
oki_g1,external\ryukishi\ep5\oki_g1.png
oki_g2,external\ryukishi\ep5\oki_g2.png
oki_g3,external\ryukishi\ep5\oki_g3.png
okinomiya,external\ryukishi\ep4\okinomiya.png
okinomiya_j,external\ryukishi\ep4\okinomiya_j.png
oko_akuwarai#,external\ryukishi\ep8\oko_akuwarai#.png
oko_def,external\ryukishi\ep8\oko_def.png
oko_def#,external\ryukishi\ep8\oko_def#.png
oko_def2#,external\ryukishi\ep8\oko_def2#.png
oko_eyex1,external\ryukishi\ep8\oko_eyex1.png
oko_ikari#,external\ryukishi\ep8\oko_ikari#.png
oko_warai#,external\ryukishi\ep8\oko_warai#.png
omake_haikei,external\ryukishi\ep5\omake_haikei.png
omake_haikei-j,external\ryukishi\ep6\omake_haikei-j.png
omake_jamp,external\ryukishi\ep5\omake_jamp.png
omake_jamp_j,external\ryukishi\ep6\omake_jamp_j.png
omake_staff,external\ryukishi\ep5\omake_staff.png
omake_staff_j,external\ryukishi\ep6\omake_staff_j.png
omake_tip,external\ryukishi\ep5\omake_tip.png
omake_tip_j,external\ryukishi\ep8\omake_tip_j.png
oni1,external\ryukishi\ep5\oni1.png
oni1_nega1_6,external\ryukishi\ep6\oni1_nega1_6.png
oni2,external\ryukishi\ep6\oni2.png
oni_re_01,external\ryukishi\ep1\oni_re_01.png
oni_re_02,external\ryukishi\ep1\oni_re_02.png
oni_re_03,external\ryukishi\ep1\oni_re_03.png
oni_re_04,external\ryukishi\ep1\oni_re_04.png
oni_re_05,external\ryukishi\ep1\oni_re_05.png
oni_re_06,external\ryukishi\ep1\oni_re_06.png
oni_re_07,external\ryukishi\ep1\oni_re_07.png
oni_re_08,external\ryukishi\ep1\oni_re_08.png
onik001,external\ryukishi\ep1\onik001.png
onik001_j,external\ryukishi\ep1\onik001_j.png
onik002,external\ryukishi\ep1\onik002.png
onik002_j,external\ryukishi\ep1\onik002_j.png
onik003,external\ryukishi\ep1\onik003.png
onik003_j,external\ryukishi\ep1\onik003_j.png
onik004,external\ryukishi\ep1\onik004.png
onik004_j,external\ryukishi\ep1\onik004_j.png
onik005,external\ryukishi\ep1\onik005.png
onik005_j,external\ryukishi\ep1\onik005_j.png
onik009_02,external\ryukishi\ep1\onik009_02.png
onik009_02_j,external\ryukishi\ep1\onik009_02_j.png
onik010,external\ryukishi\ep1\onik010.png
onik010_j,external\ryukishi\ep1\onik010_j.png
onik011,external\ryukishi\ep1\onik011.png
onik011_j,external\ryukishi\ep1\onik011_j.png
onik012,external\ryukishi\ep1\onik012.png
onik012_j,external\ryukishi\ep1\onik012_j.png
onik013,external\ryukishi\ep1\onik013.png
onik013_j,external\ryukishi\ep1\onik013_j.png
onik014_02,external\ryukishi\ep1\onik014_02.png
onik014_02_j,external\ryukishi\ep1\onik014_02_j.png
r_black,external\ryukishi\ep7\r_black.png
re1,external\ryukishi\ep6\re1.png
re1_ev,external\ryukishi\ep6\re1_ev.png
re2,external\ryukishi\ep5\re2.png
re3,external\ryukishi\ep6\re3.png
re4,external\ryukishi\ep5\re4.png
re5,external\ryukishi\ep5\re5.png
re6,external\ryukishi\ep6\re6.png
re_bikkuria1,external\ryukishi\ep5\re_bikkuria1.png
re_bikkuria1#,external\ryukishi\ep5\re_bikkuria1#.png
re_bikkurib1,external\ryukishi\ep5\re_bikkurib1.png
re_bikkurib1#,external\ryukishi\ep5\re_bikkurib1#.png
re_bikkurib1&,external\ryukishi\ep6\re_bikkurib1&.png
re_d1,external\ryukishi\ep5\re_d1.png
re_defa1,external\ryukishi\ep5\re_defa1.png
re_defa1#,external\ryukishi\ep5\re_defa1#.png
re_defa1&,external\ryukishi\ep6\re_defa1&.png
re_defb1,external\ryukishi\ep5\re_defb1.png
re_defb1#,external\ryukishi\ep5\re_defb1#.png
re_defb1&,external\ryukishi\ep6\re_defb1&.png
re_eyexa1,external\ryukishi\ep6\re_eyexa1.png
re_eyexa2,external\ryukishi\ep6\re_eyexa2.png
re_eyey1,external\ryukishi\ep7\re_eyey1.png
re_g1,external\ryukishi\ep6\re_g1.png
re_h1,external\ryukishi\ep6\re_h1.png
re_h2,external\ryukishi\ep6\re_h2.png
re_h3,external\ryukishi\ep6\re_h3.png
re_haua1,external\ryukishi\ep5\re_haua1.png
re_haua1#,external\ryukishi\ep5\re_haua1#.png
re_haua1&,external\ryukishi\ep6\re_haua1&.png
re_haub1,external\ryukishi\ep6\re_haub1.png
re_haub1#,external\ryukishi\ep5\re_haub1#.png
re_hi_defa1,external\ryukishi\ep5\re_hi_defa1.png
re_hi_defa1#,external\ryukishi\ep6\re_hi_defa1#.png
re_hi_defb1,external\ryukishi\ep5\re_hi_defb1.png
re_hi_defb1#,external\ryukishi\ep6\re_hi_defb1#.png
re_hi_muhyoua1,external\ryukishi\ep5\re_hi_muhyoua1.png
re_hi_muhyoua1#,external\ryukishi\ep6\re_hi_muhyoua1#.png
re_hi_muhyoub1#,external\ryukishi\ep6\re_hi_muhyoub1#.png
re_hi_okorua1,external\ryukishi\ep7\re_hi_okorua1.png
re_hi_okorua1#,external\ryukishi\ep6\re_hi_okorua1#.png
re_hi_okorub1#,external\ryukishi\ep6\re_hi_okorub1#.png
re_kaiia1,external\ryukishi\ep7\re_kaiia1.png
re_kaiia1#,external\ryukishi\ep6\re_kaiia1#.png
re_kaiia1&,external\ryukishi\ep6\re_kaiia1&.png
re_kaiib1,external\ryukishi\ep6\re_kaiib1.png
re_kaiib1#,external\ryukishi\ep5\re_kaiib1#.png
re_kaiib1&,external\ryukishi\ep6\re_kaiib1&.png
re_komarua1,external\ryukishi\ep5\re_komarua1.png
re_komarua1#,external\ryukishi\ep5\re_komarua1#.png
re_komarua1&,external\ryukishi\ep6\re_komarua1&.png
re_komarua2,external\ryukishi\ep7\re_komarua2.png
re_komarub1,external\ryukishi\ep5\re_komarub1.png
re_komarub1#,external\ryukishi\ep6\re_komarub1#.png
re_komarub1&,external\ryukishi\ep6\re_komarub1&.png
re_nandea1,external\ryukishi\ep5\re_nandea1.png
re_nandea1#,external\ryukishi\ep5\re_nandea1#.png
re_nandeb1,external\ryukishi\ep7\re_nandeb1.png
re_nandeb1#,external\ryukishi\ep5\re_nandeb1#.png
re_nandeb1&,external\ryukishi\ep6\re_nandeb1&.png
re_okorua1,external\ryukishi\ep5\re_okorua1.png
re_okorua1#,external\ryukishi\ep6\re_okorua1#.png
re_okorua1&,external\ryukishi\ep6\re_okorua1&.png
re_okorub1,external\ryukishi\ep5\re_okorub1.png
re_okorub1#,external\ryukishi\ep6\re_okorub1#.png
re_okorub1&,external\ryukishi\ep6\re_okorub1&.png
re_s1_rena,external\ryukishi\ep6\re_s1_rena.png
re_s1_resut,external\ryukishi\ep5\re_s1_resut.png
re_s2_rena,external\ryukishi\ep6\re_s2_rena.png
re_s2_resut,external\ryukishi\ep6\re_s2_resut.png
re_s3,external\ryukishi\ep6\re_s3.png
re_s4,external\ryukishi\ep6\re_s4.png
re_se_bi_a1,external\ryukishi\ep1\re_se_bi_a1.png
re_se_bi_b1,external\ryukishi\ep1\re_se_bi_b1.png
re_se_de_a1,external\ryukishi\ep1\re_se_de_a1.png
re_se_de_b1,external\ryukishi\ep1\re_se_de_b1.png
re_se_ha_a1,external\ryukishi\ep1\re_se_ha_a1.png
re_se_ha_b1,external\ryukishi\ep1\re_se_ha_b1.png
re_se_hi_a1,external\ryukishi\ep1\re_se_hi_a1.png
re_se_hi_b1,external\ryukishi\ep1\re_se_hi_b1.png
re_se_hii_a1,external\ryukishi\ep1\re_se_hii_a1.png
re_se_hii_b1,external\ryukishi\ep3\re_se_hii_b1.png
re_se_him_a1,external\ryukishi\ep1\re_se_him_a1.png
re_se_ik_a1,external\ryukishi\ep2\re_se_ik_a1.png
re_se_ik_b1,external\ryukishi\ep2\re_se_ik_b1.png
re_se_ka_a1,external\ryukishi\ep1\re_se_ka_a1.png
re_se_ka_b1,external\ryukishi\ep1\re_se_ka_b1.png
re_se_ko_a1,external\ryukishi\ep1\re_se_ko_a1.png
re_se_ko_a2,external\ryukishi\ep1\re_se_ko_a2.png
re_se_ko_b1,external\ryukishi\ep1\re_se_ko_b1.png
re_se_ko_b2,external\ryukishi\ep1\re_se_ko_b2.png
re_se_na_a1,external\ryukishi\ep1\re_se_na_a1.png
re_se_na_b1,external\ryukishi\ep2\re_se_na_b1.png
re_se_wa_a1,external\ryukishi\ep1\re_se_wa_a1.png
re_se_wa_b1,external\ryukishi\ep1\re_se_wa_b1.png
re_si_bi_a1,external\ryukishi\ep1\re_si_bi_a1.png
re_si_bi_b1,external\ryukishi\ep1\re_si_bi_b1.png
re_si_de_a1,external\ryukishi\ep1\re_si_de_a1.png
re_si_de_b1,external\ryukishi\ep1\re_si_de_b1.png
re_si_ha_a1,external\ryukishi\ep1\re_si_ha_a1.png
re_si_ha_b1,external\ryukishi\ep1\re_si_ha_b1.png
re_si_hi_a1,external\ryukishi\ep1\re_si_hi_a1.png
re_si_hi_b1,external\ryukishi\ep1\re_si_hi_b1.png
re_si_hii_b1,external\ryukishi\ep1\re_si_hii_b1.png
re_si_him_a1,external\ryukishi\ep1\re_si_him_a1.png
re_si_him_b1,external\ryukishi\ep1\re_si_him_b1.png
re_si_ik_b1,external\ryukishi\ep2\re_si_ik_b1.png
re_si_ka_a1,external\ryukishi\ep1\re_si_ka_a1.png
re_si_ka_b1,external\ryukishi\ep1\re_si_ka_b1.png
re_si_ko_a1,external\ryukishi\ep1\re_si_ko_a1.png
re_si_ko_a2,external\ryukishi\ep1\re_si_ko_a2.png
re_si_ko_b1,external\ryukishi\ep1\re_si_ko_b1.png
re_si_ko_b2,external\ryukishi\ep2\re_si_ko_b2.png
re_si_na_a1,external\ryukishi\ep1\re_si_na_a1.png
re_si_na_b1,external\ryukishi\ep2\re_si_na_b1.png
re_si_wa_a1,external\ryukishi\ep1\re_si_wa_a1.png
re_si_wa_b1,external\ryukishi\ep1\re_si_wa_b1.png
re_ta_bi_a1,external\ryukishi\ep1\re_ta_bi_a1.png
re_ta_bi_b1,external\ryukishi\ep1\re_ta_bi_b1.png
re_ta_de_a1,external\ryukishi\ep1\re_ta_de_a1.png
re_ta_ha_a1,external\ryukishi\ep1\re_ta_ha_a1.png
re_ta_ha_b1,external\ryukishi\ep1\re_ta_ha_b1.png
re_ta_ka_a1,external\ryukishi\ep1\re_ta_ka_a1.png
re_ta_ka_b1,external\ryukishi\ep1\re_ta_ka_b1.png
re_ta_ko_a1,external\ryukishi\ep1\re_ta_ko_a1.png
re_ta_ko_a2,external\ryukishi\ep1\re_ta_ko_a2.png
re_ta_na_a1,external\ryukishi\ep1\re_ta_na_a1.png
re_ta_wa_a1,external\ryukishi\ep1\re_ta_wa_a1.png
re_ta_wa_b1,external\ryukishi\ep1\re_ta_wa_b1.png
re_tel,external\ryukishi\ep6\re_tel.png
re_waraia1,external\ryukishi\ep5\re_waraia1.png
re_waraia1#,external\ryukishi\ep6\re_waraia1#.png
re_waraia1&,external\ryukishi\ep6\re_waraia1&.png
re_waraib1,external\ryukishi\ep5\re_waraib1.png
re_waraib1#,external\ryukishi\ep5\re_waraib1#.png
re_waraib1&,external\ryukishi\ep6\re_waraib1&.png
red,external\ryukishi\ep3\red.png
ri_defa1,external\ryukishi\ep5\ri_defa1.png
ri_defa1#,external\ryukishi\ep5\ri_defa1#.png
ri_defa1$,external\ryukishi\ep6\ri_defa1$.png
ri_defa1%,external\ryukishi\ep5\ri_defa1%.png
ri_defa1&,external\ryukishi\ep6\ri_defa1&.png
ri_fumana1,external\ryukishi\ep6\ri_fumana1.png
ri_fumana1#,external\ryukishi\ep7\ri_fumana1#.png
ri_komarua1,external\ryukishi\ep5\ri_komarua1.png
ri_komarua1#,external\ryukishi\ep5\ri_komarua1#.png
ri_komarua1$,external\ryukishi\ep6\ri_komarua1$.png
ri_komarua1%,external\ryukishi\ep5\ri_komarua1%.png
ri_komarua1&,external\ryukishi\ep6\ri_komarua1&.png
ri_komarua2,external\ryukishi\ep6\ri_komarua2.png
ri_komarua2#,external\ryukishi\ep7\ri_komarua2#.png
ri_majimea1,external\ryukishi\ep6\ri_majimea1.png
ri_majimea1#,external\ryukishi\ep7\ri_majimea1#.png
ri_mk_de_a1,external\ryukishi\ep1\ri_mk_de_a1.png
ri_mk_ko_a1,external\ryukishi\ep1\ri_mk_ko_a1.png
ri_mk_ni_a1,external\ryukishi\ep1\ri_mk_ni_a1.png
ri_mk_wa_a1,external\ryukishi\ep2\ri_mk_wa_a1.png
ri_nikoa1,external\ryukishi\ep5\ri_nikoa1.png
ri_nikoa1#,external\ryukishi\ep6\ri_nikoa1#.png
ri_nikoa1$,external\ryukishi\ep6\ri_nikoa1$.png
ri_nikoa1%,external\ryukishi\ep5\ri_nikoa1%.png
ri_nikoa1&,external\ryukishi\ep6\ri_nikoa1&.png
ri_niyaria1,external\ryukishi\ep6\ri_niyaria1.png
ri_niyaria1#,external\ryukishi\ep5\ri_niyaria1#.png
ri_nk_ko_a1,external\ryukishi\ep1\ri_nk_ko_a1.png
ri_se_de_a1,external\ryukishi\ep1\ri_se_de_a1.png
ri_se_fu_a1,external\ryukishi\ep4\ri_se_fu_a1.png
ri_se_ko_a1,external\ryukishi\ep1\ri_se_ko_a1.png
ri_se_ni_a1,external\ryukishi\ep1\ri_se_ni_a1.png
ri_se_wa_a1,external\ryukishi\ep1\ri_se_wa_a1.png
ri_si_de_a1,external\ryukishi\ep1\ri_si_de_a1.png
ri_si_fu_a1,external\ryukishi\ep4\ri_si_fu_a1.png
ri_si_ko_a1,external\ryukishi\ep1\ri_si_ko_a1.png
ri_si_ko_a2,external\ryukishi\ep4\ri_si_ko_a2.png
ri_si_ni_a1,external\ryukishi\ep1\ri_si_ni_a1.png
ri_si_ny_a1,external\ryukishi\ep4\ri_si_ny_a1.png
ri_si_wa_a1,external\ryukishi\ep2\ri_si_wa_a1.png
ri_ta_de_a1,external\ryukishi\ep1\ri_ta_de_a1.png
ri_ta_ko_a1,external\ryukishi\ep2\ri_ta_ko_a1.png
ri_ta_ni_a1,external\ryukishi\ep1\ri_ta_ni_a1.png
ri_ta_wa_a1,external\ryukishi\ep1\ri_ta_wa_a1.png
ri_waraia1,external\ryukishi\ep5\ri_waraia1.png
ri_waraia1#,external\ryukishi\ep5\ri_waraia1#.png
ri_waraia1$,external\ryukishi\ep6\ri_waraia1$.png
ri_waraia1%,external\ryukishi\ep5\ri_waraia1%.png
ri_waraia1&,external\ryukishi\ep6\ri_waraia1&.png
ribing1,external\ryukishi\ep7\ribing1.png
right,external\ryukishi\ep1\right.png
rina_def,external\ryukishi\ep6\rina_def.png
rina_ikari,external\ryukishi\ep6\rina_ikari.png
rina_warai,external\ryukishi\ep6\rina_warai.png
rouka1,external\ryukishi\ep5\rouka1.png
rouka2,external\ryukishi\ep5\rouka2.png
rouka3,external\ryukishi\ep5\rouka3.png
ryou1,external\ryukishi\ep8\ryou1.png
ryou2,external\ryukishi\ep8\ryou2.png
ryou3,external\ryukishi\ep8\ryou3.png
ryou4,external\ryukishi\ep8\ryou4.png
ryouri,external\ryukishi\ep8\ryouri.png
ryouri2,external\ryukishi\ep8\ryouri2.png
ryoutei1,external\ryukishi\ep6\ryoutei1.png
ryoutei2,external\ryukishi\ep6\ryoutei2.png
ryoutei5,external\ryukishi\ep8\ryoutei5.png
ryouteig,external\ryukishi\ep6\ryouteig.png
ryuuketu1,external\ryukishi\ep1\ryuuketu1.png
ryuuketu_efe03,external\ryukishi\ep3\ryuuketu_efe03.png
s53,external\ryukishi\ep4\s53.png
s53_j,external\ryukishi\ep4\s53_j.png
s60,external\ryukishi\ep4\s60.png
s60_j,external\ryukishi\ep4\s60_j.png
s_jump_back,external\ryukishi\ep2\s_jump_back.png
sa_akirerua1,external\ryukishi\ep5\sa_akirerua1.png
sa_akirerua1#,external\ryukishi\ep5\sa_akirerua1#.png
sa_akirerua1&,external\ryukishi\ep6\sa_akirerua1&.png
sa_akirerua1-,external\ryukishi\ep6\sa_akirerua1-.png
sa_akirerub1,external\ryukishi\ep5\sa_akirerub1.png
sa_akirerub1#,external\ryukishi\ep7\sa_akirerub1#.png
sa_akuwaraia1,external\ryukishi\ep6\sa_akuwaraia1.png
sa_akuwaraia1#,external\ryukishi\ep7\sa_akuwaraia1#.png
sa_akuwaraia1&,external\ryukishi\ep6\sa_akuwaraia1&.png
sa_akuwaraia1-,external\ryukishi\ep6\sa_akuwaraia1-.png
sa_akuwaraib1,external\ryukishi\ep6\sa_akuwaraib1.png
sa_akuwaraib1#,external\ryukishi\ep6\sa_akuwaraib1#.png
sa_defa1,external\ryukishi\ep6\sa_defa1.png
sa_defa1#,external\ryukishi\ep6\sa_defa1#.png
sa_defa1&,external\ryukishi\ep6\sa_defa1&.png
sa_defb1,external\ryukishi\ep6\sa_defb1.png
sa_defb1#,external\ryukishi\ep7\sa_defb1#.png
sa_eyexa1,external\ryukishi\ep7\sa_eyexa1.png
sa_eyexa2,external\ryukishi\ep6\sa_eyexa2.png
sa_hannbesoa1,external\ryukishi\ep5\sa_hannbesoa1.png
sa_hannbesoa1#,external\ryukishi\ep7\sa_hannbesoa1#.png
sa_hannbesoa1&,external\ryukishi\ep6\sa_hannbesoa1&.png
sa_hannbesoa3,external\ryukishi\ep5\sa_hannbesoa3.png
sa_hannbesoa3#,external\ryukishi\ep7\sa_hannbesoa3#.png
sa_hannbesob1,external\ryukishi\ep5\sa_hannbesob1.png
sa_hannbesob1#,external\ryukishi\ep7\sa_hannbesob1#.png
sa_hannbesob3,external\ryukishi\ep5\sa_hannbesob3.png
sa_haua1,external\ryukishi\ep6\sa_haua1.png
sa_haua1#,external\ryukishi\ep7\sa_haua1#.png
sa_haua2,external\ryukishi\ep7\sa_haua2.png
sa_haua2#,external\ryukishi\ep8\sa_haua2#.png
sa_haub1,external\ryukishi\ep6\sa_haub1.png
sa_haub1#,external\ryukishi\ep7\sa_haub1#.png
sa_ku_aw_a1,external\ryukishi\ep1\sa_ku_aw_a1.png
sa_ku_bi_a1,external\ryukishi\ep1\sa_ku_bi_a1.png
sa_ku_wa_a1,external\ryukishi\ep1\sa_ku_wa_a1.png
sa_muhyoua1,external\ryukishi\ep5\sa_muhyoua1.png
sa_muhyoua1#,external\ryukishi\ep5\sa_muhyoua1#.png
sa_muhyoua2,external\ryukishi\ep6\sa_muhyoua2.png
sa_muhyoua2#,external\ryukishi\ep5\sa_muhyoua2#.png
sa_muhyoub1,external\ryukishi\ep5\sa_muhyoub1.png
sa_muhyoub1#,external\ryukishi\ep7\sa_muhyoub1#.png
sa_muhyoub2,external\ryukishi\ep6\sa_muhyoub2.png
sa_nakua1,external\ryukishi\ep5\sa_nakua1.png
sa_nakub1,external\ryukishi\ep5\sa_nakub1.png
sa_nakub1#,external\ryukishi\ep7\sa_nakub1#.png
sa_odorokia1,external\ryukishi\ep6\sa_odorokia1.png
sa_odorokia1#,external\ryukishi\ep5\sa_odorokia1#.png
sa_odorokia1&,external\ryukishi\ep6\sa_odorokia1&.png
sa_odorokia1-,external\ryukishi\ep6\sa_odorokia1-.png
sa_odorokib1,external\ryukishi\ep5\sa_odorokib1.png
sa_odorokib1#,external\ryukishi\ep5\sa_odorokib1#.png
sa_sakebua1,external\ryukishi\ep5\sa_sakebua1.png
sa_sakebub1,external\ryukishi\ep5\sa_sakebub1.png
sa_se_ak_a1,external\ryukishi\ep1\sa_se_ak_a1.png
sa_se_ak_a2,external\ryukishi\ep2\sa_se_ak_a2.png
sa_se_aw_a1,external\ryukishi\ep1\sa_se_aw_a1.png
sa_se_aw_b1,external\ryukishi\ep1\sa_se_aw_b1.png
sa_se_bi_a1,external\ryukishi\ep1\sa_se_bi_a1.png
sa_se_bi_b1,external\ryukishi\ep1\sa_se_bi_b1.png
sa_se_bi_b2,external\ryukishi\ep1\sa_se_bi_b2.png
sa_se_de_a1,external\ryukishi\ep1\sa_se_de_a1.png
sa_se_de_b1,external\ryukishi\ep1\sa_se_de_b1.png
sa_se_ha_a1,external\ryukishi\ep3\sa_se_ha_a1.png
sa_se_ha_a2,external\ryukishi\ep3\sa_se_ha_a2.png
sa_se_ha_b1,external\ryukishi\ep3\sa_se_ha_b1.png
sa_se_ha_b2,external\ryukishi\ep3\sa_se_ha_b2.png
sa_se_hn_a1,external\ryukishi\ep1\sa_se_hn_a1.png
sa_se_hn_a3,external\ryukishi\ep3\sa_se_hn_a3.png
sa_se_hn_b1,external\ryukishi\ep1\sa_se_hn_b1.png
sa_se_hn_b2,external\ryukishi\ep1\sa_se_hn_b2.png
sa_se_hn_b3,external\ryukishi\ep3\sa_se_hn_b3.png
sa_se_mu_a1,external\ryukishi\ep3\sa_se_mu_a1.png
sa_se_mu_a2,external\ryukishi\ep3\sa_se_mu_a2.png
sa_se_na_a1,external\ryukishi\ep1\sa_se_na_a1.png
sa_se_na_b1,external\ryukishi\ep1\sa_se_na_b1.png
sa_se_na_b2,external\ryukishi\ep2\sa_se_na_b2.png
sa_se_sa_a1,external\ryukishi\ep3\sa_se_sa_a1.png
sa_se_sa_b1,external\ryukishi\ep3\sa_se_sa_b1.png
sa_se_wa_a1,external\ryukishi\ep1\sa_se_wa_a1.png
sa_se_wa_b1,external\ryukishi\ep1\sa_se_wa_b1.png
sa_se_ya_a1,external\ryukishi\ep3\sa_se_ya_a1.png
sa_se_ya_a2,external\ryukishi\ep3\sa_se_ya_a2.png
sa_se_yah_b1,external\ryukishi\ep3\sa_se_yah_b1.png
sa_se_yah_b2,external\ryukishi\ep3\sa_se_yah_b2.png
sa_si_ak_a1,external\ryukishi\ep1\sa_si_ak_a1.png
sa_si_ak_a2,external\ryukishi\ep3\sa_si_ak_a2.png
sa_si_aw_a1,external\ryukishi\ep1\sa_si_aw_a1.png
sa_si_aw_b1,external\ryukishi\ep3\sa_si_aw_b1.png
sa_si_bi_a1,external\ryukishi\ep1\sa_si_bi_a1.png
sa_si_bi_b1,external\ryukishi\ep3\sa_si_bi_b1.png
sa_si_de_a1,external\ryukishi\ep1\sa_si_de_a1.png
sa_si_ha_a1,external\ryukishi\ep3\sa_si_ha_a1.png
sa_si_ha_a2,external\ryukishi\ep3\sa_si_ha_a2.png
sa_si_ha_b1,external\ryukishi\ep3\sa_si_ha_b1.png
sa_si_ha_b2,external\ryukishi\ep3\sa_si_ha_b2.png
sa_si_hn_a1,external\ryukishi\ep1\sa_si_hn_a1.png
sa_si_hn_b1,external\ryukishi\ep3\sa_si_hn_b1.png
sa_si_na_a1,external\ryukishi\ep2\sa_si_na_a1.png
sa_si_wa_a1,external\ryukishi\ep1\sa_si_wa_a1.png
sa_si_wa_b1,external\ryukishi\ep3\sa_si_wa_b1.png
sa_si_ya_a1,external\ryukishi\ep3\sa_si_ya_a1.png
sa_si_ya_a2,external\ryukishi\ep3\sa_si_ya_a2.png
sa_si_yah_b1,external\ryukishi\ep3\sa_si_yah_b1.png
sa_si_yah_b2,external\ryukishi\ep3\sa_si_yah_b2.png
sa_ta_ak_a1,external\ryukishi\ep1\sa_ta_ak_a1.png
sa_ta_aw_a1,external\ryukishi\ep1\sa_ta_aw_a1.png
sa_ta_bi_a1,external\ryukishi\ep1\sa_ta_bi_a1.png
sa_ta_de_a1,external\ryukishi\ep1\sa_ta_de_a1.png
sa_ta_hn_a1,external\ryukishi\ep1\sa_ta_hn_a1.png
sa_ta_wa_a1,external\ryukishi\ep1\sa_ta_wa_a1.png
sa_to_ak_a1,external\ryukishi\ep3\sa_to_ak_a1.png
sa_to_bi_a1,external\ryukishi\ep3\sa_to_bi_a1.png
sa_to_ha_a1,external\ryukishi\ep3\sa_to_ha_a1.png
sa_to_hn_a1,external\ryukishi\ep3\sa_to_hn_a1.png
sa_to_mu_a1,external\ryukishi\ep3\sa_to_mu_a1.png
sa_to_mu_a2,external\ryukishi\ep3\sa_to_mu_a2.png
sa_to_sa_a1,external\ryukishi\ep3\sa_to_sa_a1.png
sa_to_wa_a1,external\ryukishi\ep3\sa_to_wa_a1.png
sa_to_ya_a1,external\ryukishi\ep3\sa_to_ya_a1.png
sa_to_ya_a2,external\ryukishi\ep3\sa_to_ya_a2.png
sa_waraia1,external\ryukishi\ep6\sa_waraia1.png
sa_waraia1#,external\ryukishi\ep6\sa_waraia1#.png
sa_waraia1&,external\ryukishi\ep6\sa_waraia1&.png
sa_waraia1-,external\ryukishi\ep6\sa_waraia1-.png
sa_waraib1,external\ryukishi\ep5\sa_waraib1.png
sa_waraib1#,external\ryukishi\ep5\sa_waraib1#.png
sa_yareyarea1,external\ryukishi\ep6\sa_yareyarea1.png
sa_yareyarea1#,external\ryukishi\ep5\sa_yareyarea1#.png
sa_yareyarea1-,external\ryukishi\ep6\sa_yareyarea1-.png
sa_yareyarea2,external\ryukishi\ep6\sa_yareyarea2.png
sa_yareyareb1,external\ryukishi\ep6\sa_yareyareb1.png
sa_yareyareb1#,external\ryukishi\ep8\sa_yareyareb1#.png
sa_yareyareb2,external\ryukishi\ep6\sa_yareyareb2.png
saten1,external\ryukishi\ep6\saten1.png
saten2,external\ryukishi\ep6\saten2.png
saten3,external\ryukishi\ep6\saten3.png
saten4,external\ryukishi\ep6\saten4.png
sato_def1,external\ryukishi\ep5\sato_def1.png
sato_def1!,external\ryukishi\ep5\sato_def1!.png
sato_def2,external\ryukishi\ep5\sato_def2.png
sato_def2!,external\ryukishi\ep5\sato_def2!.png
sato_ikari,external\ryukishi\ep5\sato_ikari.png
sato_komaru,external\ryukishi\ep5\sato_komaru.png
sato_komaru2,external\ryukishi\ep5\sato_komaru2.png
sato_komaru2!,external\ryukishi\ep5\sato_komaru2!.png
sato_tukare,external\ryukishi\ep5\sato_tukare.png
sato_warai,external\ryukishi\ep5\sato_warai.png
sato_warai!,external\ryukishi\ep5\sato_warai!.png
scenario_a,external\ryukishi\ep1\scenario_a.png
scenario_b,external\ryukishi\ep1\scenario_b.png
scenario_b_j,external\ryukishi\ep1\scenario_b_j.png
scenario_c,external\ryukishi\ep1\scenario_c.png
scenario_c_j,external\ryukishi\ep1\scenario_c_j.png
sgtitle900000,external\ryukishi\ep5\sgtitle900000.png
sgtitle900100,external\ryukishi\ep5\sgtitle900100.png
sgtitle900200,external\ryukishi\ep5\sgtitle900200.png
sgtitle990000,external\ryukishi\ep5\sgtitle990000.png
si_akuwaraia1,external\ryukishi\ep5\si_akuwaraia1.png
si_akuwaraia1#,external\ryukishi\ep6\si_akuwaraia1#.png
si_akuwaraia1$,external\ryukishi\ep6\si_akuwaraia1$.png
si_akuwaraib1#,external\ryukishi\ep6\si_akuwaraib1#.png
si_d1,external\ryukishi\ep5\si_d1.png
si_defa1,external\ryukishi\ep5\si_defa1.png
si_defa1#,external\ryukishi\ep6\si_defa1#.png
si_defa1$,external\ryukishi\ep6\si_defa1$.png
si_defb1#,external\ryukishi\ep7\si_defb1#.png
si_g1,external\ryukishi\ep5\si_g1.png
si_g2,external\ryukishi\ep5\si_g2.png
si_h1,external\ryukishi\ep5\si_h1.png
si_h2,external\ryukishi\ep5\si_h2.png
si_h3,external\ryukishi\ep5\si_h3.png
si_h4,external\ryukishi\ep5\si_h4.png
si_h5,external\ryukishi\ep5\si_h5.png
si_h6,external\ryukishi\ep5\si_h6.png
si_haua1#,external\ryukishi\ep8\si_haua1#.png
si_himatubusi,external\ryukishi\ep4\si_himatubusi.png
si_himatubusi_j,external\ryukishi\ep4\si_himatubusi_j.png
si_hutekia1,external\ryukishi\ep7\si_hutekia1.png
si_ikaria1,external\ryukishi\ep7\si_ikaria1.png
si_ikaria1#,external\ryukishi\ep8\si_ikaria1#.png
si_ma_aw_a1,external\ryukishi\ep2\si_ma_aw_a1.png
si_ma_bi_a1,external\ryukishi\ep2\si_ma_bi_a1.png
si_ma_de_a1,external\ryukishi\ep2\si_ma_de_a1.png
si_ma_ha_a1,external\ryukishi\ep2\si_ma_ha_a1.png
si_ma_ma_a1,external\ryukishi\ep2\si_ma_ma_a1.png
si_ma_to_a1,external\ryukishi\ep2\si_ma_to_a1.png
si_ma_wa_a1,external\ryukishi\ep2\si_ma_wa_a1.png
si_ma_wi_a1,external\ryukishi\ep2\si_ma_wi_a1.png
si_ma_yw_a1,external\ryukishi\ep2\si_ma_yw_a1.png
si_majimea1,external\ryukishi\ep7\si_majimea1.png
si_majimea1#,external\ryukishi\ep7\si_majimea1#.png
si_majimeb1#,external\ryukishi\ep7\si_majimeb1#.png
si_matsuri_01,external\ryukishi\ep8\si_matsuri_01.png
si_matsuri_01_j,external\ryukishi\ep8\si_matsuri_01_j.png
si_matsuri_02,external\ryukishi\ep8\si_matsuri_02.png
si_matsuri_02_j,external\ryukishi\ep8\si_matsuri_02_j.png
si_meakasi,external\ryukishi\ep5\si_meakasi.png
si_meakasi_j,external\ryukishi\ep5\si_meakasi_j.png
si_mina_01,external\ryukishi\ep7\si_mina_01.png
si_mina_01_j,external\ryukishi\ep7\si_mina_01_j.png
si_mina_02,external\ryukishi\ep7\si_mina_02.png
si_mina_02_j,external\ryukishi\ep7\si_mina_02_j.png
si_odorokia1,external\ryukishi\ep7\si_odorokia1.png
si_odorokia1#,external\ryukishi\ep6\si_odorokia1#.png
si_odorokib1#,external\ryukishi\ep7\si_odorokib1#.png
si_onikakusi,external\ryukishi\ep1\si_onikakusi.png
si_onikakusi_j,external\ryukishi\ep1\si_onikakusi_j.png
si_si_aw_a1,external\ryukishi\ep2\si_si_aw_a1.png
si_si_aw_b1,external\ryukishi\ep2\si_si_aw_b1.png
si_si_bi_a1,external\ryukishi\ep2\si_si_bi_a1.png
si_si_bi_b1,external\ryukishi\ep2\si_si_bi_b1.png
si_si_de_a1,external\ryukishi\ep2\si_si_de_a1.png
si_si_de_b1,external\ryukishi\ep2\si_si_de_b1.png
si_si_fu_a1,external\ryukishi\ep2\si_si_fu_a1.png
si_si_fu_b1,external\ryukishi\ep2\si_si_fu_b1.png
si_si_ha_a1,external\ryukishi\ep2\si_si_ha_a1.png
si_si_ha_b1,external\ryukishi\ep2\si_si_ha_b1.png
si_si_ik_a1,external\ryukishi\ep2\si_si_ik_a1.png
si_si_ma_a1,external\ryukishi\ep2\si_si_ma_a1.png
si_si_ma_b1,external\ryukishi\ep3\si_si_ma_b1.png
si_si_th_b1,external\ryukishi\ep3\si_si_th_b1.png
si_si_to_a1,external\ryukishi\ep3\si_si_to_a1.png
si_si_to_b1,external\ryukishi\ep2\si_si_to_b1.png
si_si_wa_a1,external\ryukishi\ep2\si_si_wa_a1.png
si_si_wa_b1,external\ryukishi\ep2\si_si_wa_b1.png
si_si_wi_a1,external\ryukishi\ep2\si_si_wi_a1.png
si_si_wi_b1,external\ryukishi\ep2\si_si_wi_b1.png
si_si_yw_a1,external\ryukishi\ep2\si_si_yw_a1.png
si_si_yw_b1,external\ryukishi\ep2\si_si_yw_b1.png
si_ta3a_1,external\ryukishi\ep8\si_ta3a_1.png
si_ta3a_1_j,external\ryukishi\ep8\si_ta3a_1_j.png
si_ta3a_2,external\ryukishi\ep8\si_ta3a_2.png
si_ta3a_2_j,external\ryukishi\ep8\si_ta3a_2_j.png
si_ta3a_3,external\ryukishi\ep8\si_ta3a_3.png
si_ta3a_3_j,external\ryukishi\ep8\si_ta3a_3_j.png
si_ta3b_1,external\ryukishi\ep8\si_ta3b_1.png
si_ta3b_1_j,external\ryukishi\ep8\si_ta3b_1_j.png
si_ta3b_2,external\ryukishi\ep8\si_ta3b_2.png
si_ta3b_2_j,external\ryukishi\ep8\si_ta3b_2_j.png
si_ta3b_3,external\ryukishi\ep8\si_ta3b_3.png
si_ta3b_3_j,external\ryukishi\ep8\si_ta3b_3_j.png
si_ta4a,external\ryukishi\ep8\si_ta4a.png
si_ta4a_j,external\ryukishi\ep8\si_ta4a_j.png
si_ta4b,external\ryukishi\ep8\si_ta4b.png
si_ta4b_j,external\ryukishi\ep8\si_ta4b_j.png
si_ta4c,external\ryukishi\ep8\si_ta4c.png
si_ta4c_j,external\ryukishi\ep8\si_ta4c_j.png
si_ta4d,external\ryukishi\ep8\si_ta4d.png
si_ta4d_j,external\ryukishi\ep8\si_ta4d_j.png
si_tatarigorosi,external\ryukishi\ep3\si_tatarigorosi.png
si_tatarigorosi_j,external\ryukishi\ep3\si_tatarigorosi_j.png
si_tohohoa1,external\ryukishi\ep7\si_tohohoa1.png
si_tohohoa1#,external\ryukishi\ep7\si_tohohoa1#.png
si_tohohob1#,external\ryukishi\ep7\si_tohohob1#.png
si_tokuia1,external\ryukishi\ep5\si_tokuia1.png
si_tokuia1#,external\ryukishi\ep7\si_tokuia1#.png
si_tokuib1#,external\ryukishi\ep6\si_tokuib1#.png
si_tumi,external\ryukishi\ep6\si_tumi.png
si_tumi_j,external\ryukishi\ep6\si_tumi_j.png
si_waraia1,external\ryukishi\ep5\si_waraia1.png
si_waraia1#,external\ryukishi\ep6\si_waraia1#.png
si_waraia1$,external\ryukishi\ep6\si_waraia1$.png
si_waraib1#,external\ryukishi\ep6\si_waraib1#.png
si_watanagasi,external\ryukishi\ep2\si_Watanagasi.png
si_watanagasi_j,external\ryukishi\ep2\si_Watanagasi_j.png
si_winka1,external\ryukishi\ep5\si_winka1.png
si_winka1#,external\ryukishi\ep6\si_winka1#.png
si_winka1$,external\ryukishi\ep6\si_winka1$.png
si_winkb1#,external\ryukishi\ep6\si_winkb1#.png
si_yowakia1,external\ryukishi\ep7\si_yowakia1.png
si_yowakia1#,external\ryukishi\ep7\si_yowakia1#.png
simen1,external\ryukishi\ep6\simen1.png
simen2,external\ryukishi\ep5\simen2.png
sinario_a,external\ryukishi\ep5\sinario_a.png
sinryo_matiai1,external\ryukishi\ep7\sinryo_matiai1.png
sinryo_matiai2,external\ryukishi\ep5\sinryo_matiai2.png
sinryo_sinsatu1,external\ryukishi\ep7\sinryo_sinsatu1.png
sinryo_sinsatu2,external\ryukishi\ep7\sinryo_sinsatu2.png
sinryo_sinsatu3,external\ryukishi\ep7\sinryo_sinsatu3.png
sinryo_sinsatu4,external\ryukishi\ep7\sinryo_sinsatu4.png
sinryo_soto1,external\ryukishi\ep6\sinryo_soto1.png
sinryo_soto2,external\ryukishi\ep7\sinryo_soto2.png
sinryo_soto3,external\ryukishi\ep7\sinryo_soto3.png
sinryo_soto4,external\ryukishi\ep8\sinryo_soto4.png
sinryo_soto5,external\ryukishi\ep5\sinryo_soto5.png
so1,external\ryukishi\ep5\so1.png
so2,external\ryukishi\ep5\so2.png
so3,external\ryukishi\ep5\so3.png
so4,external\ryukishi\ep5\so4.png
so5,external\ryukishi\ep7\so5.png
so6,external\ryukishi\ep7\so6.png
so_d1,external\ryukishi\ep5\so_d1.png
so_d1_nega1,external\ryukishi\ep5\so_d1_nega1.png
so_g1,external\ryukishi\ep5\so_g1.png
so_g1_nega1,external\ryukishi\ep5\so_g1_nega1.png
so_k1,external\ryukishi\ep5\so_k1.png
sora,external\ryukishi\ep5\sora.png
sora2,external\ryukishi\ep5\sora2.png
sora3,external\ryukishi\ep5\sora3.png
sora4,external\ryukishi\ep6\sora4.png
sora5,external\ryukishi\ep6\sora5.png
sora6,external\ryukishi\ep6\sora6.png
sr_1,external\ryukishi\ep8\sr_1.png
sr_2,external\ryukishi\ep8\sr_2.png
staff01,external\ryukishi\ep4\staff01.png
staff02,external\ryukishi\ep4\staff02.png
staff_maturi1,external\ryukishi\ep8\staff_maturi1.png
staff_maturi1_j,external\ryukishi\ep8\staff_maturi1_j.png
staff_maturi1a,external\ryukishi\ep8\staff_maturi1a.png
staff_maturi1a_j,external\ryukishi\ep8\staff_maturi1a_j.png
staff_maturi1b,external\ryukishi\ep8\staff_maturi1b.png
staff_maturi1b_j,external\ryukishi\ep8\staff_maturi1b_j.png
staff_maturi2,external\ryukishi\ep8\staff_maturi2.png
staff_maturi2_j,external\ryukishi\ep8\staff_maturi2_j.png
staff_mina,external\ryukishi\ep7\staff_mina.png
staff_mina_01,external\ryukishi\ep7\staff_mina_01.png
staff_mina_02,external\ryukishi\ep7\staff_mina_02.png
staff_mina_j,external\ryukishi\ep7\staff_mina_j.png
sya1,external\ryukishi\ep6\sya1.png
sya2,external\ryukishi\ep7\sya2.png
t_ed,external\ryukishi\ep3\t_ed.png
t_ed01_1,external\ryukishi\ep3\t_ed01_1.png
t_ed02_1,external\ryukishi\ep3\t_ed02_1.png
t_ed_j,external\ryukishi\ep3\t_ed_j.png
t_ep0,external\ryukishi\ep3\t_ep0.png
t_ep0_j,external\ryukishi\ep3\t_ep0_j.png
t_ep1,external\ryukishi\ep3\t_ep1.png
t_ep10,external\ryukishi\ep3\t_ep10.png
t_ep10_j,external\ryukishi\ep3\t_ep10_j.png
t_ep11,external\ryukishi\ep3\t_ep11.png
t_ep11_j,external\ryukishi\ep3\t_ep11_j.png
t_ep12,external\ryukishi\ep3\t_ep12.png
t_ep12_j,external\ryukishi\ep3\t_ep12_j.png
t_ep1_j,external\ryukishi\ep3\t_ep1_j.png
t_ep2,external\ryukishi\ep3\t_ep2.png
t_ep2_j,external\ryukishi\ep3\t_ep2_j.png
t_ep3,external\ryukishi\ep3\t_ep3.png
t_ep3_j,external\ryukishi\ep3\t_ep3_j.png
t_ep4,external\ryukishi\ep3\t_ep4.png
t_ep4_j,external\ryukishi\ep3\t_ep4_j.png
t_ep5,external\ryukishi\ep3\t_ep5.png
t_ep5_j,external\ryukishi\ep3\t_ep5_j.png
t_ep6,external\ryukishi\ep3\t_ep6.png
t_ep6_j,external\ryukishi\ep3\t_ep6_j.png
t_ep7,external\ryukishi\ep3\t_ep7.png
t_ep7_j,external\ryukishi\ep3\t_ep7_j.png
t_ep8,external\ryukishi\ep3\t_ep8.png
t_ep8_j,external\ryukishi\ep3\t_ep8_j.png
t_ep9,external\ryukishi\ep3\t_ep9.png
t_ep9_j,external\ryukishi\ep3\t_ep9_j.png
ta1_tokyo,external\ryukishi\ep8\ta1_tokyo.png
ta2_mura,external\ryukishi\ep6\ta2_mura.png
ta2_tokyo,external\ryukishi\ep8\ta2_tokyo.png
ta3,external\ryukishi\ep8\ta3.png
ta_akuwarai,external\ryukishi\ep7\ta_akuwarai.png
ta_akuwarai#,external\ryukishi\ep5\ta_akuwarai#.png
ta_akuwarai+,external\ryukishi\ep7\ta_akuwarai+.png
ta_def,external\ryukishi\ep7\ta_def.png
ta_def#,external\ryukishi\ep5\ta_def#.png
ta_def+,external\ryukishi\ep7\ta_def+.png
ta_ikari,external\ryukishi\ep8\ta_ikari.png
ta_ikari#,external\ryukishi\ep8\ta_ikari#.png
ta_ikari+,external\ryukishi\ep8\ta_ikari+.png
ta_ikari2,external\ryukishi\ep8\ta_ikari2.png
ta_ikari2#,external\ryukishi\ep8\ta_ikari2#.png
ta_ikari2+,external\ryukishi\ep8\ta_ikari2+.png
ta_komaru,external\ryukishi\ep8\ta_komaru.png
ta_komaru#,external\ryukishi\ep8\ta_komaru#.png
ta_komaru+,external\ryukishi\ep8\ta_komaru+.png
ta_komaru2,external\ryukishi\ep8\ta_komaru2.png
ta_komaru2#,external\ryukishi\ep8\ta_komaru2#.png
ta_si_aw_a1,external\ryukishi\ep1\ta_si_aw_a1.png
ta_si_de_a1,external\ryukishi\ep1\ta_si_de_a1.png
ta_si_wa_a1,external\ryukishi\ep1\ta_si_wa_a1.png
ta_tukare#,external\ryukishi\ep8\ta_tukare#.png
ta_tukare+,external\ryukishi\ep8\ta_tukare+.png
ta_warai#,external\ryukishi\ep5\ta_warai#.png
ta_warai+,external\ryukishi\ep7\ta_warai+.png
tata001,external\ryukishi\ep3\tata001.png
tata001_jp,external\ryukishi\ep3\tata001_jp.png
tata002,external\ryukishi\ep3\tata002.png
tata002_jp,external\ryukishi\ep3\tata002_jp.png
tata003,external\ryukishi\ep3\tata003.png
tata003_jp,external\ryukishi\ep3\tata003_jp.png
tata004,external\ryukishi\ep3\tata004.png
tata004_jp,external\ryukishi\ep3\tata004_jp.png
tata005,external\ryukishi\ep3\tata005.png
tata005_jp,external\ryukishi\ep3\tata005_jp.png
tata008,external\ryukishi\ep3\tata008.png
tata008_jp,external\ryukishi\ep3\tata008_jp.png
tata009,external\ryukishi\ep3\tata009.png
tata009_jp,external\ryukishi\ep3\tata009_jp.png
tata010_02,external\ryukishi\ep3\tata010_02.png
tata010_02_jp,external\ryukishi\ep3\tata010_02_jp.png
tata010_04,external\ryukishi\ep3\tata010_04.png
tata010_04_jp,external\ryukishi\ep3\tata010_04_jp.png
tata011_03,external\ryukishi\ep3\tata011_03.png
tata011_03_jp,external\ryukishi\ep3\tata011_03_jp.png
tata012,external\ryukishi\ep3\tata012.png
tata012_jp,external\ryukishi\ep3\tata012_jp.png
tata013_02,external\ryukishi\ep3\tata013_02.png
tata013_02_jp,external\ryukishi\ep3\tata013_02_jp.png
tata_jisitu01,external\ryukishi\ep3\tata_jisitu01.png
tata_jisitu02,external\ryukishi\ep3\tata_jisitu02.png
tata_jisitu03,external\ryukishi\ep3\tata_jisitu03.png
tata_kuruma01,external\ryukishi\ep3\tata_kuruma01.png
tata_kuruma02,external\ryukishi\ep3\tata_kuruma02.png
tata_kuruma03,external\ryukishi\ep3\tata_kuruma03.png
tata_kuruma04,external\ryukishi\ep3\tata_kuruma04.png
tata_kuruma05,external\ryukishi\ep3\tata_kuruma05.png
tata_kuruma06,external\ryukishi\ep3\tata_kuruma06.png
tata_kuruma07,external\ryukishi\ep3\tata_kuruma07.png
tata_sato01,external\ryukishi\ep3\tata_sato01.png
tatari_list,external\ryukishi\ep3\tatari_list.png
tatari_list_j,external\ryukishi\ep3\tatari_list_j.png
tennai1,external\ryukishi\ep5\tennai1.png
terebi1,external\ryukishi\ep6\terebi1.png
tetu1,external\ryukishi\ep6\tetu1.png
tetu2,external\ryukishi\ep6\tetu2.png
tetu3,external\ryukishi\ep6\tetu3.png
ti_si_de_a1,external\ryukishi\ep3\ti_si_de_a1.png
ti_si_ik_a1,external\ryukishi\ep3\ti_si_ik_a1.png
ti_si_ko_a1,external\ryukishi\ep3\ti_si_ko_a1.png
tie1,external\ryukishi\ep5\tie1.png
tie2,external\ryukishi\ep6\tie2.png
tie3,external\ryukishi\ep6\tie3.png
tirasi1,external\ryukishi\ep5\tirasi1.png
title02,external\ryukishi\ep1\title02.png
title02_j,external\ryukishi\ep2\Title02_j.png
title_j,external\ryukishi\ep1\title_j.png
titlelogo,external\ryukishi\ep5\titlelogo.png
titlelogo_j,external\ryukishi\ep5\titlelogo_j.png
tm_si_de_a1,external\ryukishi\ep1\tm_si_de_a1.png
tm_si_ko_a1,external\ryukishi\ep1\tm_si_ko_a1.png
tm_si_wa_a1,external\ryukishi\ep1\tm_si_wa_a1.png
toire1,external\ryukishi\ep8\toire1.png
toketu1a,external\ryukishi\ep2\toketu1a.png
toketu1b,external\ryukishi\ep2\toketu1b.png
toketu1c,external\ryukishi\ep2\toketu1c.png
tomi_def,external\ryukishi\ep7\tomi_def.png
tomi_def#,external\ryukishi\ep5\tomi_def#.png
tomi_ikari#,external\ryukishi\ep8\tomi_ikari#.png
tomi_komaru,external\ryukishi\ep7\tomi_komaru.png
tomi_komaru#,external\ryukishi\ep5\tomi_komaru#.png
tomi_majime,external\ryukishi\ep8\tomi_majime.png
tomi_majime#,external\ryukishi\ep8\tomi_majime#.png
tomi_odoroki#,external\ryukishi\ep8\tomi_odoroki#.png
tomi_warai,external\ryukishi\ep7\tomi_warai.png
tomi_warai#,external\ryukishi\ep5\tomi_warai#.png
torakku1,external\ryukishi\ep8\torakku1.png
torakku2,external\ryukishi\ep7\torakku2.png
tosyo1,external\ryukishi\ep5\tosyo1.png
tosyo2,external\ryukishi\ep5\tosyo2.png
tosyo3,external\ryukishi\ep5\tosyo3.png
tosyo4,external\ryukishi\ep5\tosyo4.png
tosyo5,external\ryukishi\ep8\tosyo5.png
tosyo7,external\ryukishi\ep5\tosyo7.png
tosyo8,external\ryukishi\ep5\tosyo8.png
tumi_staff_01,external\ryukishi\ep6\tumi_staff_01.png
tumi_staff_01_j,external\ryukishi\ep6\tumi_staff_01_j.png
tumi_staff_01_old,external\ryukishi\ep6\tumi_staff_01_old.png
tumi_staff_02_old,external\ryukishi\ep6\tumi_staff_02_old.png
tumi_t1,external\ryukishi\ep6\tumi_t1.png
tumi_t1_j,external\ryukishi\ep6\tumi_t1_j.png
tumi_t2,external\ryukishi\ep6\tumi_t2.png
tumi_t2_j,external\ryukishi\ep6\tumi_t2_j.png
tyuui,external\ryukishi\ep1\tyuui.png
tyuui2,external\ryukishi\ep1\tyuui2.png
tyuui2_j,external\ryukishi\ep1\tyuui2_j.png
tyuui_j,external\ryukishi\ep1\tyuui_j.png
up,external\ryukishi\ep1\up.png
waku_b,external\ryukishi\ep6\waku_b.png
waku_w,external\ryukishi\ep6\waku_w.png
wata001,external\ryukishi\ep2\wata001.png
wata001_j,external\ryukishi\ep2\wata001_j.png
wata002,external\ryukishi\ep2\wata002.png
wata002_j,external\ryukishi\ep2\wata002_j.png
wata003,external\ryukishi\ep2\wata003.png
wata003_j,external\ryukishi\ep2\wata003_j.png
wata004,external\ryukishi\ep2\wata004.png
wata004_j,external\ryukishi\ep2\wata004_j.png
wata005,external\ryukishi\ep2\wata005.png
wata005_j,external\ryukishi\ep2\wata005_j.png
wata007,external\ryukishi\ep2\wata007.png
wata007_j,external\ryukishi\ep2\wata007_j.png
wata008,external\ryukishi\ep2\wata008.png
wata008_j,external\ryukishi\ep2\wata008_j.png
wata009_02,external\ryukishi\ep2\wata009_02.png
wata009_02_j,external\ryukishi\ep2\wata009_02_j.png
wata010_02,external\ryukishi\ep2\wata010_02.png
wata010_02_j,external\ryukishi\ep2\wata010_02_j.png
wata010_04,external\ryukishi\ep2\wata010_04.png
wata010_04_j,external\ryukishi\ep2\wata010_04_j.png
wata011_02,external\ryukishi\ep2\wata011_02.png
wata011_02_j,external\ryukishi\ep2\wata011_02_j.png
wata_mion01,external\ryukishi\ep2\wata_mion01.png
wata_mion02,external\ryukishi\ep2\wata_mion02.png
wata_mion03,external\ryukishi\ep2\wata_mion03.png
wata_mion04,external\ryukishi\ep2\wata_mion04.png
wata_mion05,external\ryukishi\ep2\wata_mion05.png
wata_rena01,external\ryukishi\ep2\wata_rena01.png
wata_rena02,external\ryukishi\ep2\wata_rena02.png
white,external\ryukishi\ep1\white.png
white_mono1,external\ryukishi\ep5\white_mono1.png
white_mono1_6,external\ryukishi\ep6\white_mono1_6.png
white_shake,external\ryukishi\ep5\white_shake.png
windo_filter,external\ryukishi\ep1\windo_filter.png
x,external\ryukishi\ep1\x.png
y_damu2,external\ryukishi\ep6\y_damu2.png
y_ie2,external\ryukishi\ep5\y_ie2.png
y_kawa2,external\ryukishi\ep8\y_kawa2.png
y_kawa3,external\ryukishi\ep6\y_kawa3.png
y_oni1,external\ryukishi\ep8\y_oni1.png
yg2,external\ryukishi\ep7\yg2.png
ygk1,external\ryukishi\ep7\ygk1.png
ygk2,external\ryukishi\ep7\ygk2.png
ygk3,external\ryukishi\ep7\ygk3.png
yhu1,external\ryukishi\ep7\yhu1.png
yhu2,external\ryukishi\ep5\yhu2.png
ymo1,external\ryukishi\ep5\ymo1.png
ymo2,external\ryukishi\ep5\ymo2.png
ymo3,external\ryukishi\ep5\ymo3.png
yo1,external\ryukishi\ep8\yo1.png
yo2,external\ryukishi\ep8\yo2.png
yo3,external\ryukishi\ep8\yo3.png
