ps3_name,auto,naegles,final_choice,status
001a,NO_MATCH,gk3,gk3,NAEGLES
001b,NO_MATCH,gk3,gk3,NAEGLES
002a,NO_MATCH,m_hi3,m_hi3,NAEGLES
002b,NO_MATCH,m_hi3,m_hi3,NAEGLES
003,NO_MATCH,bg_210,bg_210,NAEGLES
004,NO_MATCH,m_hi4,m_hi4,NAEGLES
004b,NO_MATCH,m_hi4,m_hi4,NAEGLES
006,NO_MATCH,mati_o1,mati_o1,NAEGLES
008,NO_MATCH,gk3,gk3,NAEGLES
009b,NO_MATCH,mati2,mati2,NAEGLES
010,NO_MATCH,bg_210,bg_210,NAEGLES
011d,NO_MATCH,jyt1,jyt1,NAEGLES
011e,NO_MATCH,jyt1,jyt1,NAEGLES
011f,NO_MATCH,jyt1,jyt1,NAEGLES
025,NO_MATCH,bg_031,bg_031,NAEGLES
029,NO_MATCH,jsa3,jsa3,NAEGLES
031,NO_MATCH,ma_j3,ma_j3,NAEGLES
033a,NO_MATCH,ma_g3,ma_g3,NAEGLES
033b,NO_MATCH,ma_g3,ma_g3,NAEGLES
033c,NO_MATCH,ma_g3,ma_g3,NAEGLES
033d,NO_MATCH,ma_g3,ma_g3,NAEGLES
038a,NO_MATCH,bg_071,bg_071,NAEGLES
038b,NO_MATCH,bg_071,bg_071,NAEGLES
038c,NO_MATCH,bg_071,bg_071,NAEGLES
043a,NO_MATCH,gk1,gk1,NAEGLES
043b,NO_MATCH,gk1,gk1,NAEGLES
046,NO_MATCH,oki_g3,oki_g3,NAEGLES
07thlogo,NO_MATCH,07thlogo,07thlogo,NAEGLES
101,NO_MATCH,hi6,hi6,NAEGLES
102,NO_MATCH,m_hi3,m_hi3,NAEGLES
103a,NO_MATCH,bg_247,bg_247,NAEGLES
103b,NO_MATCH,bg_247,bg_247,NAEGLES
104,NO_MATCH,ma_j2,ma_j2,NAEGLES
105a,NO_MATCH,ma_g1,ma_g1,NAEGLES
105b,NO_MATCH,ma_g1,ma_g1,NAEGLES
106,NO_MATCH,jsa3,jsa3,NAEGLES
107a,NO_MATCH,sinryo_sinsatu1,sinryo_sinsatu1,NAEGLES
107b,NO_MATCH,sinryo_sinsatu1,sinryo_sinsatu1,NAEGLES
107c,NO_MATCH,sinryo_sinsatu1,sinryo_sinsatu1,NAEGLES
108,NO_MATCH,gk3,gk3,NAEGLES
109b,NO_MATCH,oki_g3,oki_g3,NAEGLES
109e,NO_MATCH,oki_g3,oki_g3,NAEGLES
110a,NO_MATCH,ji4,ji4,NAEGLES
110b,NO_MATCH,ji4,ji4,NAEGLES
111a,NO_MATCH,ma2,ma2,NAEGLES
111b,NO_MATCH,ma2,ma2,NAEGLES
113a,NO_MATCH,ji2,ji2,NAEGLES
113b,NO_MATCH,ji2,ji2,NAEGLES
114,NO_MATCH,t_ep8,t_ep8,NAEGLES
115,NO_MATCH,ji4,ji4,NAEGLES
2,NO_MATCH,2,2,NAEGLES
201a,NO_MATCH,m_hi9,m_hi9,NAEGLES
201b,NO_MATCH,m_hi9,m_hi9,NAEGLES
201c,NO_MATCH,black,black,NAEGLES
202,NO_MATCH,jt1,jt1,NAEGLES
203a,NO_MATCH,ima2,ima2,NAEGLES
203b,NO_MATCH,ima2,ima2,NAEGLES
3,NO_MATCH,3,3,NAEGLES
4,NO_MATCH,4,4,NAEGLES
5,NO_MATCH,5,5,NAEGLES
aa,NO_MATCH,aa,aa,NAEGLES
aka1,aka1,aka1,aka1,IDENTICAL
aka2,aka2,aka2,aka2,IDENTICAL
alphaimage,NO_MATCH,…,…,NAEGLES
basu_soukou,eki2,NO_MATCH,eki2,AUTOMATIC
bg_089_mo,NO_MATCH,ke5,ke5,NAEGLES
bg_161,NO_MATCH,re1,re1,NAEGLES
bg_226,NO_MATCH,bg_226,bg_226,NAEGLES
bg_235,NO_MATCH,bg_235,bg_235,NAEGLES
bg_246b,NO_MATCH,bg_246,bg_246,NAEGLES
black,NO_MATCH,black,black,NAEGLES
byo_01,sinryo_sinsatu1,sinryo_sinsatu1,sinryo_sinsatu1,IDENTICAL
byo_ten,ke6,NO_MATCH,ke6,AUTOMATIC
c,NO_MATCH,c,c,NAEGLES
centerblind,NO_MATCH,centerblind,centerblind,NAEGLES
chika_rouka,sr_2,NO_MATCH,sr_2,AUTOMATIC
chika_sekyurithi,torakku2,NO_MATCH,torakku2,AUTOMATIC
chika_shisetsu,ko1,NO_MATCH,ko1,AUTOMATIC
cinema,NO_MATCH,cinema,cinema,NAEGLES
damu2,damu2,damu2,damu2,IDENTICAL
damu4,damu3,bg_004,bg_004,CONTRADICTORY
damu4_01,NO_MATCH,bg_004,bg_004,NAEGLES
denwa,denwa,denwa,denwa,IDENTICAL
down,NO_MATCH,down,down,NAEGLES
e1,NO_MATCH,…,…,NAEGLES
eki,bg_012,bg_012,bg_012,IDENTICAL
end,NO_MATCH,end,end,NAEGLES
end_1,NO_MATCH,end_1,end_1,NAEGLES
end_1_j,NO_MATCH,end_1_j,end_1_j,NAEGLES
end_2,NO_MATCH,end_2,end_2,NAEGLES
end_2_j,NO_MATCH,end_2_j,end_2_j,NAEGLES
end_3,NO_MATCH,end_3,end_3,NAEGLES
end_3_j,NO_MATCH,end_3_j,end_3_j,NAEGLES
ex_jump,NO_MATCH,ex_jump,ex_jump,NAEGLES
ex_otsu,NO_MATCH,ex_otsu,ex_otsu,NAEGLES
ex_otsu_hima,NO_MATCH,ex_otsu_hima,ex_otsu_hima,NAEGLES
ex_otsu_tata,NO_MATCH,ex_otsu_tata,ex_otsu_tata,NAEGLES
ex_otsu_wata,NO_MATCH,ex_otsu_wata,ex_otsu_wata,NAEGLES
ex_tips,NO_MATCH,ex_tips,ex_tips,NAEGLES
eye,NO_MATCH,bg_018,bg_018,NAEGLES
file,file,simen2,simen2,CONTRADICTORY
fure1,fure1,NO_MATCH,fure1,AUTOMATIC
fure2,fure2,NO_MATCH,fure2,AUTOMATIC
furiker_a,f_a,furiker_a,furiker_a,CONTRADICTORY
furiker_b,f_b,furiker_b,furiker_b,CONTRADICTORY
furiker_c,bg0,furiker_a,furiker_a,CONTRADICTORY
g1,g1,g1,g1,IDENTICAL
g1_01,g1,g1,g1,IDENTICAL
g2,g2,g2,g2,IDENTICAL
g2_01,g2,g2,g2,IDENTICAL
g3,g3,g3,g3,IDENTICAL
g3_01,g3,g3,g3,IDENTICAL
ga1,ga1,NO_MATCH,ga1,AUTOMATIC
gk1,gk1,gk1,gk1,IDENTICAL
gk1_01,gk1,gk1,gk1,IDENTICAL
gk3,gk2,gk2,gk2,IDENTICAL
gr1,gr1,gr1,gr1,IDENTICAL
gr1_01,gr1,NO_MATCH,gr1,AUTOMATIC
gr2,gr2,gr2,gr2,IDENTICAL
gr2_01,gr2,gr2,gr2,IDENTICAL
gr3,gr3,gr3,gr3,IDENTICAL
gry2,gry1,NO_MATCH,gry1,AUTOMATIC
gy3_01,gy3,gr3,gr3,CONTRADICTORY
gy7,gy1,NO_MATCH,gy1,AUTOMATIC
haikei,NO_MATCH,haikei,haikei,NAEGLES
haikei-,NO_MATCH,haikei,haikei,NAEGLES
hasi1,bg_029,bg_029,bg_029,IDENTICAL
hasi3,bg_032,bg_032,bg_032,IDENTICAL
heri_gunji_01,heri1,NO_MATCH,heri1,AUTOMATIC
heya1,heya2,heya2,heya2,IDENTICAL
heya1_04,ima3,heya2,heya2,CONTRADICTORY
heya1_05,heya1,heya2,heya2,CONTRADICTORY
heya6,heya6,NO_MATCH,heya6,AUTOMATIC
hi1,hi2,hi1,hi1,CONTRADICTORY
hi1_01,hi1,hi1,hi1,IDENTICAL
hi3,hi3,hi3,hi3,IDENTICAL
hi4,hi4,hi4,hi4,IDENTICAL
hi4_01,hi4,hi4,hi4,IDENTICAL
hi5,hi5,hi5,hi5,IDENTICAL
hi5_01,hi5,hi5,hi5,IDENTICAL
hi9,hi9,hi9,hi9,IDENTICAL
hi_scroll,mura2,m_hi4,m_hi4,CONTRADICTORY
hi_scroll_01,mura2,m_hi4,m_hi4,CONTRADICTORY
ho1,ho1_houjouke,ho1_houjouke,ho1_houjouke,IDENTICAL
ho1_01,ho2_houjouke,NO_MATCH,ho2_houjouke,AUTOMATIC
ho1_02,ho1_houjouke,ho1_houjouke,ho1_houjouke,IDENTICAL
ho_2,ho_2,bg_057,bg_057,CONTRADICTORY
ho_r1,ho_r1,ho_r1,ho_r1,IDENTICAL
honoo,NO_MATCH,red,red,NAEGLES
hoteru,hoteru,hoteru,hoteru,IDENTICAL
hu2,hu1,NO_MATCH,hu1,AUTOMATIC
hu2_01,hu1,NO_MATCH,hu1,AUTOMATIC
hu_ima,NO_MATCH,NO_MATCH,NO_MATCH,NO_MATCH
hu_r1,hu_r1,hu_r1,hu_r1,IDENTICAL
hu_r4,hu_r4,NO_MATCH,hu_r4,AUTOMATIC
hu_tenjyou,ma_j3,ma_j3,ma_j3,IDENTICAL
ie1,ie1,ie1,ie1,IDENTICAL
ie1_01,ie2,ie1,ie1,CONTRADICTORY
ima1,ima1,ima1,ima1,IDENTICAL
ima3,heya4,ima3,ima3,CONTRADICTORY
jansou,bg_071,bg_071,bg_071,IDENTICAL
jd4,jd4,jd4,jd4,IDENTICAL
jd4_01,jd4,jd4,jd4,IDENTICAL
je1,je1,je1,je1,IDENTICAL
je2,je4,je3,je3,CONTRADICTORY
ji1,ji1,ji1,ji1,IDENTICAL
ji1_01,ji5,ji1,ji1,CONTRADICTORY
ji2,ji2,ji2,ji2,IDENTICAL
ji2_01,ji2,ji2,ji2,IDENTICAL
ji6,ji6,bg_079,bg_079,CONTRADICTORY
jok1,jok1,jok1,jok1,IDENTICAL
jok2,jok2,jok2,jok2,IDENTICAL
js1,bg_079,bg_079,bg_079,IDENTICAL
js1_01,ji5,bg_079,bg_079,CONTRADICTORY
js3,js3,jsa2,jsa2,CONTRADICTORY
js3_01,jsa2,jsa2,jsa2,IDENTICAL
js4,js4,NO_MATCH,js4,AUTOMATIC
js4_01,js4,ima3,ima3,CONTRADICTORY
js4_02,js4,NO_MATCH,js4,AUTOMATIC
jsa1,jsa1,jsa1,jsa1,IDENTICAL
jsa7,jsa7,jsa2,jsa2,CONTRADICTORY
jsa7_01,jsa4,jsa2,jsa2,CONTRADICTORY
jt1,jt1,hi6,hi6,CONTRADICTORY
jt1_01,haikei,hi6,hi6,CONTRADICTORY
jt2,jt2,jt2,jt2,IDENTICAL
jt2_01,jt2,jt2,jt2,IDENTICAL
juku1_01,juku1,juku1,juku1,IDENTICAL
jy1,jy1,jy1,jy1,IDENTICAL
jy2,jy2,jy2,jy2,IDENTICAL
jys1,js1,jy1,jy1,CONTRADICTORY
jysa1,jysa1,jysa1,jysa1,IDENTICAL
jyt1,jyt1,jyt1,jyt1,IDENTICAL
jyt2,jyt2,jyt2,jyt2,IDENTICAL
k_kouen1,kouen,NO_MATCH,kouen,AUTOMATIC
k_kouen1_01,kouen,NO_MATCH,kouen,AUTOMATIC
k_oyashiro,NO_MATCH,NO_MATCH,NO_MATCH,NO_MATCH
k_ten2,ho1_tokyo,NO_MATCH,ho1_tokyo,AUTOMATIC
ka1_01,ka2,NO_MATCH,ka2,AUTOMATIC
ka4,ka1,NO_MATCH,ka1,AUTOMATIC
kai_jyun,ke_s3,NO_MATCH,ke_s3,AUTOMATIC
kai_ten,ke_s3,NO_MATCH,ke_s3,AUTOMATIC
kakera,kakera3,NO_MATCH,kakera3,AUTOMATIC
kawa1,kawa1,kawa1,kawa1,IDENTICAL
kawa4,bg_005,bg_087,bg_087,CONTRADICTORY
ke1,ke1,bg_091,bg_091,CONTRADICTORY
ke1_01,ke1,NO_MATCH,ke1,AUTOMATIC
ke2,ke2,ke2,ke2,IDENTICAL
ke5,ke5,ke5,ke5,IDENTICAL
ke_ky1,ke_ky1,ke_ky1,ke_ky1,IDENTICAL
ke_ky2,tosyo7,ke_ky2,ke_ky2,CONTRADICTORY
ke_robbie,ke_r1,NO_MATCH,ke_r1,AUTOMATIC
ke_s2,ke_s1,ke_s1,ke_s1,IDENTICAL
ke_shiryou1_02,NO_MATCH,NO_MATCH,NO_MATCH,NO_MATCH
kimi_o1_08,terebi1,terebi1,terebi1,IDENTICAL
koudou,mati16,NO_MATCH,mati16,AUTOMATIC
koya1,koya2,NO_MATCH,koya2,AUTOMATIC
koya1_02,koya1,bg_097,bg_097,CONTRADICTORY
kukou1,NO_MATCH,bg_099,bg_099,NAEGLES
kuruma1,kuruma1,kuruma1,kuruma1,IDENTICAL
kuruma1_02,kuruma1,kuruma1,kuruma1,IDENTICAL
kuruma2,kuruma2,kuruma2,kuruma2,IDENTICAL
kuruma2_01,kuruma2,kuruma2,kuruma2,IDENTICAL
kuruma2_02,kuruma2,kuruma2,kuruma2,IDENTICAL
kuruma3,m_hi9,kuruma3,kuruma3,CONTRADICTORY
kuruma3_01,kuruma3,kuruma3,kuruma3,IDENTICAL
kuruma3_02,kuruma3,kuruma3,kuruma3,IDENTICAL
kuruma4,kuruma4,kuruma4,kuruma4,IDENTICAL
kuruma4_01,kuruma4,kuruma4,kuruma4,IDENTICAL
kuruma5,kuruma5,kuruma5,kuruma5,IDENTICAL
kuruma5_01,bg_106,bg_106,bg_106,IDENTICAL
kuruma5_02,kuruma8,NO_MATCH,kuruma8,AUTOMATIC
kuruma5_03,kuruma5,kuruma5,kuruma5,IDENTICAL
kuruma5_04,kuruma4,NO_MATCH,kuruma4,AUTOMATIC
kuruma5_05,kuruma5,NO_MATCH,kuruma5,AUTOMATIC
kuruma6,kuruma6,kuruma6,kuruma6,IDENTICAL
left,NO_MATCH,left,left,NAEGLES
logo,NO_MATCH,logo,logo,NAEGLES
logo_j,NO_MATCH,logo_j,logo_j,NAEGLES
logomask,NO_MATCH,logomask,logomask,NAEGLES
m1,NO_MATCH,m1,m1,NAEGLES
m_hi1,m_hi1,m_hi1,m_hi1,IDENTICAL
m_hi1_01,m_hi1,m_hi1,m_hi1,IDENTICAL
m_hi3,m_hi3,m_hi3,m_hi3,IDENTICAL
m_hi3_01,m_hi3,m_hi3,m_hi3,IDENTICAL
m_hi4,m_hi4,m_hi4,m_hi4,IDENTICAL
m_hi4_01,m_hi4,m_hi4,m_hi4,IDENTICAL
m_hi5,m_hi5,m_hi5,m_hi5,IDENTICAL
m_hi5_01,m_hi5,m_hi5,m_hi5,IDENTICAL
m_hi6,m_hi6,m_hi6,m_hi6,IDENTICAL
m_hi6_01,m_hi6,m_hi6,m_hi6,IDENTICAL
m_hi8,m_hi8,m_hi8,m_hi8,IDENTICAL
m_y1,m_y1,m_y1,m_y1,IDENTICAL
m_y2,m_y2,m_y2,m_y2,IDENTICAL
m_y2_02,mati5,m_y2,m_y2,CONTRADICTORY
m_y2_04,m_y2,m_y2,m_y2,IDENTICAL
m_y4,m_y4,m_y4,m_y4,IDENTICAL
m_y4_01,NO_MATCH,m_y4,m_y4,NAEGLES
m_y4_04,m_y4,NO_MATCH,m_y4,AUTOMATIC
m_y7,m_y5,m_y7,m_y7,CONTRADICTORY
ma1,ma1,ma1,ma1,IDENTICAL
ma1_01,ma1,ma1,ma1,IDENTICAL
ma1_02,ma1,ma1,ma1,IDENTICAL
ma2,ma2,ma2,ma2,IDENTICAL
ma2_01,ma2,ma2,ma2,IDENTICAL
ma3,ma3,ma3,ma3,IDENTICAL
ma3_01,ma3,ma3,ma3,IDENTICAL
ma3_02,ma4,ma3,ma3,CONTRADICTORY
ma5,ma5,ma5,ma5,IDENTICAL
ma5_01,ma5,ma5,ma5,IDENTICAL
ma_d1,ma_d1,ma_d1,ma_d1,IDENTICAL
ma_d1_01,NO_MATCH,ma_d1,ma_d1,NAEGLES
ma_g1,ma_g1,ma_g1,ma_g1,IDENTICAL
ma_g1_01,ma_g1,ma_g1,ma_g1,IDENTICAL
ma_g2,ma_g2,ma_g2,ma_g2,IDENTICAL
ma_g3,ma_g3,NO_MATCH,ma_g3,AUTOMATIC
ma_g3_01,ma_g3,ma_g3,ma_g3,IDENTICAL
ma_g3_02,ma2,ma_g3,ma_g3,CONTRADICTORY
ma_j3,ma_j1,ma_j2,ma_j2,CONTRADICTORY
ma_j3_01,ma_j1,ma_j2,ma_j2,CONTRADICTORY
ma_j3_03,NO_MATCH,ma_j2,ma_j2,NAEGLES
ma_j3_05,ma_j2,ma_j2,ma_j2,IDENTICAL
ma_s1,ribing1,bg_210,bg_210,CONTRADICTORY
ma_s1_01,ma_s1,NO_MATCH,ma_s1,AUTOMATIC
mangagamer,NO_MATCH,mangagamer,mangagamer,NAEGLES
mask1013,NO_MATCH,mask1013,mask1013,NAEGLES
mask1014,NO_MATCH,mask1014,mask1014,NAEGLES
mask1020,NO_MATCH,mask1020,mask1020,NAEGLES
mask_1900,NO_MATCH,mask_1900,mask_1900,NAEGLES
mati12,mati12,mati12,mati12,IDENTICAL
mati2,mati2,mati2,mati2,IDENTICAL
mati2_01,mati6,NO_MATCH,mati6,AUTOMATIC
mati2_04,mati14,NO_MATCH,mati14,AUTOMATIC
mati3,mati3,mati3,mati3,IDENTICAL
mati3_01,mati3,NO_MATCH,mati3,AUTOMATIC
mati3_04,mati9,NO_MATCH,mati9,AUTOMATIC
mati4,mati4,mati4,mati4,IDENTICAL
mati4_01,kouen,NO_MATCH,kouen,AUTOMATIC
mati4_04,mati15,NO_MATCH,mati15,AUTOMATIC
mati7,bg_237,mati7,mati7,CONTRADICTORY
mati_ji1,mati_ji2,NO_MATCH,mati_ji2,AUTOMATIC
mati_o1,mati_o1,mati_o1,mati_o1,IDENTICAL
mati_o1_01,mati_o1,NO_MATCH,mati_o1,AUTOMATIC
mati_o2,mati_o2,bg_155,bg_155,CONTRADICTORY
mati_o4,mati_o5,mati_o4,mati_o4,CONTRADICTORY
mati_o6,mati_o6,mati_o6,mati_o6,IDENTICAL
mo1,mo1,mo1,mo1,IDENTICAL
mo1_01,mo1,mo1,mo1,IDENTICAL
mo1_02,mo1,ymo1,ymo1,CONTRADICTORY
mo2,mo2,mo1,mo1,CONTRADICTORY
mo2_01,mo2,mo1,mo1,CONTRADICTORY
mo2_02,mo2,ymo1,ymo1,CONTRADICTORY
mo3,mo3,mo3,mo3,IDENTICAL
mo3_01,mo3,mo3,mo3,IDENTICAL
mo3_02,mo3,ymo3,ymo3,CONTRADICTORY
mo4,mo4,mo4,mo4,IDENTICAL
mo4_01,mo4,mo4,mo4,IDENTICAL
mo4_02,mo4,bg_144_mo1,bg_144_mo1,CONTRADICTORY
mo4_04,mo4,NO_MATCH,mo4,AUTOMATIC
mo4_05,NO_MATCH,mo4,mo4,NAEGLES
mo_b1,sora,m_hi9,m_hi9,CONTRADICTORY
mo_g1,mo_g1,mo_g1,mo_g1,IDENTICAL
mo_g1_01,mo_g1,mo_g1,mo_g1,IDENTICAL
mo_g2,mo_g2,mo_g2,mo_g2,IDENTICAL
mo_g2_01,mo_g2,mo_g2,mo_g2,IDENTICAL
mo_g3_01,mo_g4,bg_006,bg_006,CONTRADICTORY
mo_r1,mo_r1,NO_MATCH,mo_r1,AUTOMATIC
mo_r1_01,mo_r1,NO_MATCH,mo_r1,AUTOMATIC
mo_r1_02,mo_r1,NO_MATCH,mo_r1,AUTOMATIC
mo_r1_03,mo_r1,NO_MATCH,mo_r1,AUTOMATIC
mo_yg1,mo_yg4,NO_MATCH,mo_yg4,AUTOMATIC
mob1_01,mo_b1,NO_MATCH,mo_b1,AUTOMATIC
moon,moon,moon,moon,IDENTICAL
moon_01,NO_MATCH,NO_MATCH,NO_MATCH,NO_MATCH
negative/fure1,NO_MATCH,NO_MATCH,NO_MATCH,NO_MATCH
neki1_02,mati14,NO_MATCH,mati14,AUTOMATIC
no_data,NO_MATCH,no_data,no_data,NAEGLES
nort,nort,simen2,simen2,CONTRADICTORY
ohaka_02,so3,NO_MATCH,so3,AUTOMATIC
oki_g3,oki_g3,oki_g3,oki_g3,IDENTICAL
oni1,oni2,oni1,oni1,CONTRADICTORY
oyashirosama,NO_MATCH,NO_MATCH,NO_MATCH,NO_MATCH
re_g1,re_g1,NO_MATCH,re_g1,AUTOMATIC
re_h1,re_h1,NO_MATCH,re_h1,AUTOMATIC
re_h3,re_h3,NO_MATCH,re_h3,AUTOMATIC
re_s2,re_s2_rena,NO_MATCH,re_s2_rena,AUTOMATIC
re_s4,re_s4,NO_MATCH,re_s4,AUTOMATIC
re_s4_01,re_s3,NO_MATCH,re_s3,AUTOMATIC
re_tel,re_tel,NO_MATCH,re_tel,AUTOMATIC
red,NO_MATCH,red,red,NAEGLES
res1,re1,re3,re3,CONTRADICTORY
res1_01,re1,re3,re3,CONTRADICTORY
res2,re2,re2,re2,IDENTICAL
res4,re4,re4,re4,IDENTICAL
res4_01,re4,re4,re4,IDENTICAL
res5,re5,re5,re5,IDENTICAL
res5_01,re5,re5,re5,IDENTICAL
res_s1,re_s1_resut,bg_168,bg_168,CONTRADICTORY
res_s1_01,re_s2_resut,bg_168,bg_168,CONTRADICTORY
right,NO_MATCH,right,right,NAEGLES
rouka1,rouka1,rouka1,rouka1,IDENTICAL
rouka1_01,rouka2,NO_MATCH,rouka2,AUTOMATIC
rouka1_02,rouka3,NO_MATCH,rouka3,AUTOMATIC
ryoutei2_01,ryoutei2,ima1,ima1,CONTRADICTORY
ryuuketu1,ryuuketu1,ryuuketu1,ryuuketu1,IDENTICAL
s_jump_back,NO_MATCH,s_jump_back,s_jump_back,NAEGLES
saiguden_01,jsa3,jsa4,jsa4,CONTRADICTORY
saiguden_02,jsa3,jsa4,jsa4,CONTRADICTORY
saten1,saten1,NO_MATCH,saten1,AUTOMATIC
saten2,saten2,NO_MATCH,saten2,AUTOMATIC
scenario_a,NO_MATCH,scenario_a,scenario_a,NAEGLES
scenario_b,NO_MATCH,scenario_b,scenario_b,NAEGLES
scenario_b_j,NO_MATCH,scenario_b_j,scenario_b_j,NAEGLES
scenario_c,NO_MATCH,scenario_c,scenario_c,NAEGLES
scenario_c_j,NO_MATCH,scenario_c_j,scenario_c_j,NAEGLES
si_g1,si_h1,NO_MATCH,si_h1,AUTOMATIC
si_h2,si_h2,NO_MATCH,si_h2,AUTOMATIC
si_h2_01,si_h2,NO_MATCH,si_h2,AUTOMATIC
si_h3,si_h3,NO_MATCH,si_h3,AUTOMATIC
si_h6,si_h6,NO_MATCH,si_h6,AUTOMATIC
si_mansion,si_g2,NO_MATCH,si_g2,AUTOMATIC
sil1a,NO_MATCH,jsa3,jsa3,NAEGLES
simen3,simen2,bg_182,bg_182,CONTRADICTORY
sinryou_matiai1,sinryo_matiai1,sinryo_matiai1,sinryo_matiai1,IDENTICAL
sinryou_matiai1_01,sinryo_matiai1,sinryo_matiai1,sinryo_matiai1,IDENTICAL
sinryou_sinsatu1,sinryo_sinsatu1,sinryo_sinsatu1,sinryo_sinsatu1,IDENTICAL
sinryou_sinsatu1_02,sinryo_sinsatu1,sinryo_sinsatu1,sinryo_sinsatu1,IDENTICAL
sinryou_sinsatu2,sinryo_sinsatu2,sinryo_sinsatu1,sinryo_sinsatu1,CONTRADICTORY
sinryou_sinsatu3,sinryo_sinsatu3,NO_MATCH,sinryo_sinsatu3,AUTOMATIC
sinryou_sinsatu3_01,NO_MATCH,NO_MATCH,NO_MATCH,NO_MATCH
sinryou_sinsatu4,sinryo_sinsatu4,ke5,ke5,CONTRADICTORY
sinryou_soto1,sinryo_soto2,sinryo_soto1,sinryo_soto1,CONTRADICTORY
sinryou_soto1_01,sinryo_soto1,sinryo_soto1,sinryo_soto1,IDENTICAL
sinryou_soto1_02,sinryo_soto1,sinryo_soto1,sinryo_soto1,IDENTICAL
sinryou_soto3,sinryo_soto2,sinryo_soto2,sinryo_soto2,IDENTICAL
sinryou_soto3_01,sinryo_soto3,NO_MATCH,sinryo_soto3,AUTOMATIC
so1,so1,so1,so1,IDENTICAL
so1_02,so1,so1,so1,IDENTICAL
so2,so2,so2,so2,IDENTICAL
so2_01,NO_MATCH,so2,so2,NAEGLES
so3,so3,so3,so3,IDENTICAL
so5,so5,NO_MATCH,so5,AUTOMATIC
so6,so3,NO_MATCH,so3,AUTOMATIC
so_chikafuroa,jsa6,jsa4,jsa4,CONTRADICTORY
so_chikaido1,jsa7,NO_MATCH,jsa7,AUTOMATIC
so_chikasaishinbu,jsa9,NO_MATCH,jsa9,AUTOMATIC
so_d1,so_d1,so_d1,so_d1,IDENTICAL
so_d1_01,so_d1,so_d1,so_d1,IDENTICAL
so_g1,so_g1,so_g1,so_g1,IDENTICAL
so_k1,so_k1,so_k1,so_k1,IDENTICAL
sora,sora,sora2,sora2,CONTRADICTORY
sora1,NO_MATCH,sora2,sora2,NAEGLES
sora2,sora2,sora3,sora3,CONTRADICTORY
sora5,sora3,sora3,sora3,IDENTICAL
sora6,sora6,sora3,sora3,CONTRADICTORY
sora_01,gy7,NO_MATCH,gy7,AUTOMATIC
staff01,NO_MATCH,staff01,staff01,NAEGLES
susuki,kusa,kusa,kusa,IDENTICAL
ta1,bg_214,bg_214,bg_214,IDENTICAL
ta2,ta2_mura,ta2_mura,ta2_mura,IDENTICAL
ta3_01,ta2_mura,NO_MATCH,ta2_mura,AUTOMATIC
ta_tel_02,NO_MATCH,NO_MATCH,NO_MATCH,NO_MATCH
tata_jisitu01,NO_MATCH,tata_jisitu01,tata_jisitu01,NAEGLES
tata_jisitu02,NO_MATCH,tata_jisitu02,tata_jisitu02,NAEGLES
tata_jisitu03,NO_MATCH,tata_jisitu03,tata_jisitu03,NAEGLES
tata_kuruma01,NO_MATCH,tata_kuruma01,tata_kuruma01,NAEGLES
tata_kuruma02,NO_MATCH,tata_kuruma02,tata_kuruma02,NAEGLES
tata_kuruma03,NO_MATCH,tata_kuruma03,tata_kuruma03,NAEGLES
tata_kuruma04,NO_MATCH,tata_kuruma04,tata_kuruma04,NAEGLES
tata_kuruma05,NO_MATCH,tata_kuruma05,tata_kuruma05,NAEGLES
tata_kuruma06,NO_MATCH,tata_kuruma06,tata_kuruma06,NAEGLES
tata_kuruma07,NO_MATCH,tata_kuruma07,tata_kuruma07,NAEGLES
tata_sato01,NO_MATCH,tata_sato01,tata_sato01,NAEGLES
tegami1,bg_219,bg_219,bg_219,IDENTICAL
tegami2,bg_220,bg_220,bg_220,IDENTICAL
tegami3,bg_221,bg_221,bg_221,IDENTICAL
tennai1,tennai1,tennai1,tennai1,IDENTICAL
tirasi1,tirasi1,NO_MATCH,tirasi1,AUTOMATIC
title02,NO_MATCH,title02,title02,NAEGLES
title02_j,NO_MATCH,title_j,title_j,NAEGLES
tk_dojo,jimu1,NO_MATCH,jimu1,AUTOMATIC
tk_mo7,mo7,NO_MATCH,mo7,AUTOMATIC
tk_mo7_02,mo7,NO_MATCH,mo7,AUTOMATIC
tk_ryou1,ryou1,NO_MATCH,ryou1,AUTOMATIC
tk_ryou3_02,ryou3,NO_MATCH,ryou3,AUTOMATIC
tk_yo1,yo2,NO_MATCH,yo2,AUTOMATIC
tk_yo2,yo2,NO_MATCH,yo2,AUTOMATIC
toketu1a,NO_MATCH,toketu1a,toketu1a,NAEGLES
toketu1b,NO_MATCH,toketu1b,toketu1b,NAEGLES
toketu1c,NO_MATCH,toketu1c,toketu1c,NAEGLES
torakku1,torakku1,NO_MATCH,torakku1,AUTOMATIC
torakku2,torakku2,NO_MATCH,torakku2,AUTOMATIC
torishirabeshitu,bg_171,bg_171,bg_171,IDENTICAL
torishirabeshitu_01,NO_MATCH,NO_MATCH,NO_MATCH,NO_MATCH
tosyo1,tosyo1,tosyo1,tosyo1,IDENTICAL
tosyo1_01,mati3,NO_MATCH,mati3,AUTOMATIC
tosyo2,tosyo2,tosyo2,tosyo2,IDENTICAL
up,NO_MATCH,up,up,NAEGLES
white,NO_MATCH,white,white,NAEGLES
windo_filter,NO_MATCH,windo_filter,windo_filter,NAEGLES
windo_filter_adv,NO_MATCH,…,…,NAEGLES
windo_filter_nvladv,NO_MATCH,…,…,NAEGLES
xta1,ta1_tokyo,NO_MATCH,ta1_tokyo,AUTOMATIC
xta2,ta2_tokyo,NO_MATCH,ta2_tokyo,AUTOMATIC
xta3,ta3,NO_MATCH,ta3,AUTOMATIC
y_damu2,y_damu2,y_damu2,y_damu2,IDENTICAL
y_ie1,bg_242,bg_242,bg_242,IDENTICAL
y_kawa3,bg_247,bg_247,bg_247,IDENTICAL
y_oni1,oni2,bg_259,bg_259,CONTRADICTORY
y_oni1_01,bg_259,bg_259,bg_259,IDENTICAL
yg2,yg2,NO_MATCH,yg2,AUTOMATIC
ygk1,ygk1,NO_MATCH,ygk1,AUTOMATIC
ygk3,ygk2,NO_MATCH,ygk2,AUTOMATIC
yhu2,yhu2,yhu2,yhu2,IDENTICAL
ymo1,ymo1,NO_MATCH,ymo1,AUTOMATIC
ymo1_01,ymo1,ymo1,ymo1,IDENTICAL
ymo2,ymo2,NO_MATCH,ymo2,AUTOMATIC
ymo2_01,mo2,ymo1,ymo1,CONTRADICTORY
ymo3,ymo3,NO_MATCH,ymo3,AUTOMATIC
ymo3_01,ymo3,ymo3,ymo3,IDENTICAL
yugk3_01,gk3,gk3,gk3,IDENTICAL
﻿PS3 Background,NO_MATCH,Match 1,Match 1,NAEGLES
